Field,[RMS2003],xpos,ypos,Per (days),A (mag),Jsmag,Hmag,<Ks>mag,prob,log_m,Mass (M_Solar),jks_0005,log_t,age_0005 (years),delta_t (years)
F2,12881,649.102,266.481,92,0.758,22.82,22.71,22.37,61.57,-0.08,0.83,0.55,10.03,10687799058,100505
F2,9299,579.266,356.438,219,1.096,22.54,22.89,22.01,41.95,-0.03,0.93,0.63,9.87,7410732890,80587
F2,8837,204.386,427.624,105,0.693,24.17,99.99,22.13,62.66,-0.02,0.95,1.25,9.85,7075406257,79335
F2,6887,775.775,569.576,89,0.936,21.94,23.05,21.83,57.51,0,0.99,0.21,9.79,6170887088,77467
F2,7602,731.358,506.045,225,1.315,23.88,22.93,21.83,36.21,0.03,1.07,1.25,9.69,4864595234,81967
F2,5189,256.48,86.847,282,0.757,22.19,21.58,21.54,50.94,0.06,1.14,0.75,9.6,3966689257,97022
F2,7887,889.962,684.094,213,0.607,22.22,21.25,21.54,53.52,0.06,1.14,0.78,9.6,3966689257,97022
F2,6837,121.917,845.695,191,0.427,22.88,22.37,21.46,45.13,0.07,1.19,1.52,9.54,3464964106,115950
F2,6190,773.927,576.531,308,0.726,21.99,21.78,21.36,51.53,0.1,1.25,0.73,9.47,2926085015,155452
F2,5897,198.408,281.172,188,0.364,22.48,21.79,21.29,38.59,0.11,1.3,1.29,9.41,2599553022,198371
F2,4762,715.893,492.961,165,1.206,23.14,22.01,21.27,43.02,0.12,1.31,1.97,9.4,2513137902,213621
F2,5898,72.087,743.065,244,0.2,23.5,22.24,21.41,13.18,0.12,1.32,1.7,9.4,2484454785,219138
F2,4054,17.627,422.046,403,0.779,22.42,21.95,21.22,51.11,0.12,1.32,1.3,9.39,2471917886,221626
F2,4950,351.475,586.85,181,0.401,21.75,21.11,21.22,43.29,0.12,1.32,0.63,9.39,2471917886,221626
F2,5635,811.716,705.519,180,0.408,22.44,21.89,21.21,44.11,0.12,1.32,1.33,9.39,2449948076,226102
F2,5045,823.415,300.274,193,0.474,22.38,21.18,21.21,48.91,0.12,1.32,1.27,9.39,2449948076,226102
F2,5595,575.631,243.74,205,0.409,22.46,22.42,21.2,42.41,0.12,1.33,1.36,9.39,2428173527,230689
F2,5770,179.661,481.922,185,0.333,22.2,21.21,21.16,34.86,0.13,1.34,1.14,9.37,2342993480,250180
F2,1452,891.524,655.324,170,1.789,20.89,21.65,21.09,43.14,0.14,1.37,-0.1,9.35,2220948868,291555
F2,4272,126.101,446.682,132,0.557,21.32,21.11,21.09,59.21,0.14,1.37,0.33,9.35,2220948868,291555
F2,4818,886.928,345.232,222,0.431,22.59,21.79,21.07,43.47,0.14,1.38,1.62,9.34,2188643567,304857
F2,2722,892.692,803.489,268,0.712,22.05,19.99,21.07,51.67,0.14,1.38,1.08,9.34,2188643567,304857
F2,4394,173.995,551.437,225,0.337,22.68,21.77,21.05,33.34,0.14,1.39,1.73,9.33,2156808170,318772
F2,3864,695.073,132.244,254,0.566,22.41,21.44,21.04,50.31,0.14,1.39,1.47,9.33,2141064546,325964
F2,4707,409.992,310.652,301,0.304,21.87,21.09,21.04,28.19,0.14,1.39,0.93,9.33,2141064546,325964
F2,5060,33.263,194.56,493,0.596,22.05,21.11,21.04,45.46,0.14,1.39,1.11,9.33,2141064546,325964
F2,4196,162.064,292.952,135,0.34,21.94,21.19,21.02,38.83,0.15,1.4,1.02,9.32,2109921220,340820
F2,4869,817.172,410.033,218,0.423,22.48,21.55,21.01,42.96,0.15,1.4,1.57,9.32,2094519847,348486
F2,4298,367.091,62.301,240,0.323,22.18,21.32,21.01,31.11,0.15,1.4,1.27,9.32,2094519847,348486
F2,4844,790.515,407.132,568,0.619,23.93,23.03,21.37,34.73,0.15,1.4,1.7,9.32,2092766864,349373
F2,4182,728.664,434.58,223,0.2,22.61,21.95,21,13.45,0.15,1.4,1.71,9.32,2079230897,356313
F2,4004,359.017,404.042,276,0.292,21.97,20.98,20.99,26.57,0.15,1.41,1.08,9.31,2064053548,364301
F2,3460,661.932,529.525,228,0.457,21.93,20.91,20.99,45.31,0.15,1.41,1.04,9.31,2064053548,364301
F2,4035,590.112,30.28,214,0.341,22.27,21.47,20.99,34.3,0.15,1.41,1.38,9.31,2064053548,364301
F2,4291,124.064,247.886,239,0.34,22.28,21.74,20.98,33.24,0.15,1.41,1.4,9.31,2048986986,372449
F2,3941,365.734,210.995,231,0.364,21.72,21,20.98,36.32,0.15,1.41,0.84,9.31,2048986986,372449
F2,5022,826.351,18.085,331,0.56,22.61,99.99,20.97,50.18,0.15,1.42,1.74,9.31,2034030402,380759
F2,3712,424.787,437.69,231,0.365,21.87,21.03,20.96,36.43,0.15,1.42,1.01,9.31,2019182995,389231
F2,3888,797.245,635.009,236,0.385,22.15,21.35,20.96,38.42,0.15,1.42,1.29,9.31,2019182995,389231
F2,3792,126.725,511.1,247,0.435,21.73,21.03,20.95,42.79,0.15,1.42,0.88,9.3,2004443966,397863
F2,4487,371.452,94.176,259,0.307,22.51,21.71,20.94,28.69,0.15,1.43,1.67,9.3,1989812524,406656
F2,4017,428.467,358.329,245,0.584,22.27,21.58,20.94,51.17,0.15,1.43,1.43,9.3,1989812524,406656
F2,3435,242.104,343.433,274,0.456,22.56,21.43,20.93,43.98,0.16,1.43,1.73,9.3,1975287885,415609
F2,4053,507.566,223.257,280,0.306,21.91,21.01,20.92,28.41,0.16,1.44,1.09,9.29,1960869268,424721
F2,2818,696.376,337.355,276,0.531,22.08,21.13,20.92,48.53,0.16,1.44,1.26,9.29,1960869268,424721
F2,3042,382.359,678.613,456,0.538,22.67,22.09,20.91,47.16,0.16,1.44,1.86,9.29,1946555900,433991
F2,4034,727.69,229.53,259,0.332,21.81,21.24,20.91,31.85,0.16,1.44,1,9.29,1946555900,433991
F2,3846,167.066,449.521,254,0.407,21.84,21.26,20.91,40.1,0.16,1.44,1.03,9.29,1946555900,433991
F2,3848,615.164,452.077,260,0.426,22.38,21.77,20.91,41.72,0.16,1.44,1.57,9.29,1946555900,433991
F2,3668,577.917,197.946,261,0.444,21.83,21.22,20.91,43.21,0.16,1.44,1.02,9.29,1946555900,433991
F2,3121,206.707,260.865,273,0.444,22.03,21.01,20.9,43.06,0.16,1.44,1.23,9.29,1932347012,443417
F2,3544,215.668,618.383,249,0.416,21.83,21.4,20.9,41.06,0.16,1.44,1.03,9.29,1932347012,443417
F2,3491,434.079,220.827,289,0.426,22.01,21.3,20.9,41.52,0.16,1.44,1.21,9.29,1932347012,443417
F2,3519,726.396,584.699,234,0.303,21.7,21.03,20.9,28.66,0.16,1.44,0.9,9.29,1932347012,443417
F2,2324,429.095,18.648,556,0.643,22.56,21.26,20.89,36.97,0.16,1.45,1.77,9.28,1918241843,452997
F2,2371,409.452,459.005,345,0.597,22.08,21.11,20.89,51.5,0.16,1.45,1.29,9.28,1918241843,452997
F2,3642,308.61,837.671,193,0.344,22.48,21.37,20.88,35.8,0.16,1.45,1.7,9.28,1904239633,462730
F2,3118,331.157,843.819,278,0.432,22.09,21.31,20.88,42.04,0.16,1.45,1.31,9.28,1904239633,462730
F2,3390,421.316,212.971,232,0.436,21.9,21.1,20.88,43.42,0.16,1.45,1.12,9.28,1904239633,462730
F2,3679,589.101,506.609,129,0.261,22.3,21.78,20.88,26.61,0.16,1.45,1.52,9.28,1904239633,462730
F2,3524,327.911,236.23,271,0.372,21.63,20.87,20.88,36.32,0.16,1.45,0.85,9.28,1904239633,462730
F2,4686,68.814,80.933,303,0.481,22.45,22.45,20.87,45.79,0.16,1.46,1.68,9.28,1890339634,472613
F2,4097,526.847,688.469,243,0.2,22.17,21.33,20.87,13.19,0.16,1.46,1.4,9.28,1890339634,472613
F2,3474,556.286,827.19,262,0.357,22.3,21.67,20.87,34.76,0.16,1.46,1.53,9.28,1890339634,472613
F2,3364,94.439,172.691,264,0.398,21.96,21.19,20.87,39.06,0.16,1.46,1.19,9.28,1890339634,472613
F2,3610,222.338,70.817,269,0.347,22.5,21.51,20.86,33.53,0.16,1.46,1.74,9.27,1876541097,482643
F2,3928,790.322,76.998,218,0.294,21.65,21.14,20.84,27.93,0.17,1.47,0.91,9.27,1849245455,503133
F2,3682,646.109,97.475,302,0.468,21.96,21.37,20.83,44.9,0.17,1.47,1.23,9.26,1835746885,513586
F2,3159,215.796,325.273,303,0.338,21.78,21.05,20.82,32.48,0.17,1.48,1.06,9.26,1822346848,524172
F2,2820,827.596,836.27,274,0.495,21.61,20.88,20.81,46.62,0.17,1.48,0.9,9.26,1809044625,534887
F2,3622,607.527,129.783,155,0.312,21.76,20.98,20.81,33.72,0.17,1.48,1.05,9.26,1809044625,534887
F2,3059,50.935,645.011,241,0.386,21.6,20.69,20.81,38.36,0.17,1.48,0.89,9.26,1809044625,534887
F2,3366,530.536,409.101,209,0.374,22.17,21.4,20.81,38.46,0.17,1.48,1.46,9.26,1809044625,534887
F2,3152,139.489,250.324,250,0.357,21.75,20.82,20.81,34.97,0.17,1.48,1.04,9.26,1809044625,534887
F2,3722,179.207,837.567,262,0.321,22.23,21.54,20.81,30.45,0.17,1.48,1.52,9.26,1809044625,534887
F2,2938,783.337,462.572,244,0.42,21.61,20.94,20.8,41.57,0.17,1.49,0.91,9.25,1795839501,545726
F2,5615,690.317,88.923,511,0.34,23.25,22.71,21.02,27.82,0.17,1.49,1.7,9.25,1773611630,564421
F2,3770,510.257,325.189,203,0.296,21.96,21.18,20.78,28.82,0.17,1.49,1.28,9.25,1769717722,567754
F2,2447,232.207,4.549,286,0.539,21.5,20.74,20.78,48.86,0.17,1.49,0.82,9.25,1769717722,567754
F2,2689,151.908,256.661,276,0.444,22.02,21.22,20.77,43.04,0.18,1.52,1.35,9.23,1684683801,644613
F2,2222,414.36,218.193,296,0.572,22.4,21.37,20.77,50.14,0.18,1.52,1.73,9.23,1684683801,644613
F2,3238,516.011,222.659,288,0.312,21.65,20.76,20.76,29.19,0.18,1.52,0.99,9.23,1680137402,648928
F2,3116,398.267,539.442,264,0.419,21.49,20.82,20.76,41.03,0.18,1.52,0.83,9.23,1680137402,648928
F2,2836,574.932,643.524,242,0.41,21.6,20.76,20.75,40.71,0.18,1.53,0.95,9.22,1675603273,653250
F2,3169,545.314,695.39,237,0.291,22.03,21.04,20.75,26.95,0.18,1.53,1.38,9.22,1675603273,653250
F2,2695,595.973,699.644,281,0.405,21.8,20.96,20.75,39.61,0.18,1.53,1.15,9.22,1675603273,653250
F2,4277,520.737,226.877,455,0.591,23.76,22.99,21.13,48.98,0.18,1.53,1.7,9.22,1672221467,656486
F2,2988,501.439,630.638,254,0.284,21.71,20.79,20.74,25.66,0.18,1.53,1.07,9.22,1671081380,657579
F2,2482,488.647,486.885,300,0.527,21.39,20.74,20.74,48.38,0.18,1.53,0.75,9.22,1671081380,657579
F2,2530,112.241,590.792,254,0.442,21.52,20.71,20.74,43.19,0.18,1.53,0.88,9.22,1671081380,657579
F2,2964,315.637,137.195,467,0.423,22.35,21.31,20.73,39.14,0.18,1.53,1.72,9.22,1666571689,661915
F2,3167,397.8,834.029,192,0.329,21.59,20.68,20.72,33.91,0.18,1.53,0.97,9.22,1662074169,666257
F2,2766,118.033,820.844,302,0.333,22.38,21.37,20.72,31.87,0.18,1.53,1.76,9.22,1662074169,666257
F2,3378,240.495,539.909,259,0.2,21.89,21.15,20.72,13.07,0.18,1.53,1.27,9.22,1662074169,666257
F2,3312,262.01,322.619,828,0.368,22.08,21.19,20.72,6.06,0.18,1.53,1.46,9.22,1662074169,666257
F2,3509,481.177,518.413,456,0.732,23.75,99.99,21.11,49.46,0.19,1.53,1.7,9.22,1661518178,666795
F2,2719,182.164,425.84,286,0.409,21.44,20.72,20.71,39.98,0.19,1.53,0.83,9.22,1657588786,670604
F2,2712,46.154,364.506,253,0.415,21.65,21.12,20.71,40.87,0.19,1.53,1.04,9.22,1657588786,670604
F2,2131,569.326,701.24,496,0.618,22.45,21.17,20.71,45.49,0.19,1.53,1.84,9.22,1657588786,670604
F2,2916,649.996,832.18,246,0.352,21.83,20.99,20.7,34.48,0.19,1.53,1.23,9.22,1653115508,674956
F2,2451,501.54,825.126,314,0.465,22.28,21.42,20.7,44.81,0.19,1.53,1.68,9.22,1653115508,674956
F2,2665,159.258,341.052,278,0.385,21.65,20.82,20.69,37.64,0.19,1.54,1.06,9.22,1648654301,679313
F2,3048,787.507,356.56,239,0.306,21.67,21.14,20.69,28.93,0.19,1.54,1.08,9.22,1648654301,679313
F2,2667,641.325,564.165,272,0.346,21.82,20.79,20.68,33.39,0.19,1.54,1.24,9.22,1644205134,683673
F2,2800,296.371,123.84,448,0.29,21.77,21.08,20.68,25.72,0.19,1.54,1.19,9.22,1644205134,683673
F2,3231,541.879,386.689,282,0.288,22.21,21.35,20.68,26.01,0.19,1.54,1.63,9.22,1644205134,683673
F2,2877,768.979,122.517,298,0.482,22.23,21.46,20.67,45.81,0.19,1.54,1.66,9.21,1639767974,688038
F2,3914,256.811,133.548,476,0.378,23.08,22.28,20.89,34.42,0.19,1.54,1.7,9.21,1638903069,688890
F2,816,549.096,166.588,529,1.001,21.72,20.54,20.66,34.43,0.19,1.54,1.16,9.21,1635342788,692405
F2,2942,403.046,806.695,291,0.311,21.7,21.01,20.66,29.06,0.19,1.54,1.14,9.21,1635342788,692405
F2,3173,122.506,226.249,291,0.304,21.99,21.21,20.64,28.15,0.19,1.54,1.45,9.21,1626528210,701146
F2,2840,849.378,27.277,283,0.32,22.19,21.62,20.64,30.2,0.19,1.54,1.65,9.21,1626528210,701146
F2,2233,538.403,244.348,296,0.504,22.17,21.24,20.64,47.14,0.19,1.54,1.63,9.21,1626528210,701146
F2,2696,155.024,109.834,264,0.265,21.72,20.94,20.63,22.88,0.19,1.55,1.19,9.21,1622138754,705519
F2,2424,637.782,571.6,295,0.466,21.52,20.97,20.63,44.7,0.19,1.55,0.99,9.21,1622138754,705519
F2,2821,809.613,297.404,165,0.349,21.48,21.11,20.63,38.27,0.19,1.55,0.95,9.21,1622138754,705519
F2,2145,296.25,99.696,292,0.569,21.28,20.54,20.62,50.02,0.19,1.55,0.76,9.21,1617761143,709893
F2,2350,466.81,195.625,625,0.816,22.97,21.64,20.82,24.15,0.19,1.55,1.7,9.21,1614745404,712914
F2,1502,851.204,443.255,308,0.565,21.3,20.47,20.61,50.02,0.19,1.55,0.79,9.21,1613395347,714268
F2,3021,807.149,169.294,350,0.27,22.25,21.43,20.61,23.9,0.19,1.55,1.74,9.21,1613395347,714268
F2,2760,169.819,228.192,312,0.348,21.59,21.44,20.61,33.73,0.19,1.55,1.08,9.21,1613395347,714268
F2,2115,468.654,668.942,298,0.385,21.86,21.06,20.61,37.67,0.19,1.55,1.35,9.21,1613395347,714268
F2,2593,723.163,474.36,244,0.297,21.91,21.03,20.61,27.61,0.19,1.55,1.4,9.21,1613395347,714268
F2,2981,145.374,182.201,289,0.268,21.96,21.2,20.61,23.23,0.19,1.55,1.45,9.21,1613395347,714268
F2,1852,219.645,704.799,445,0.592,22.12,20.74,20.61,49.7,0.19,1.55,1.61,9.21,1613395347,714268
F2,2827,567.302,271.132,213,0.504,22.01,20.95,20.61,49.4,0.19,1.55,1.5,9.21,1613395347,714268
F2,2427,319.817,513.646,299,0.397,21.55,20.98,20.6,105.43,0.19,1.55,1.05,9.21,1609041332,718642
F2,1956,740.211,45.215,296,0.411,21.89,20.68,20.6,105.46,0.19,1.55,1.39,9.21,1609041332,718642
F2,1997,724.672,477.335,513,0.623,22.79,21.33,20.76,43.37,0.19,1.55,1.7,9.21,1608275414,719412
F2,2590,817.535,94.909,262,0.306,21.67,21.12,20.59,91.46,0.19,1.55,1.18,9.21,1604699067,723015
F2,2285,125.038,494.064,279,0.342,21.81,20.84,20.59,97.59,0.19,1.55,1.32,9.21,1604699067,723015
F2,2438,860.17,34.06,165,0.305,22.03,21.1,20.59,91.24,0.19,1.55,1.54,9.21,1604699067,723015
F2,2228,194.227,762.506,272,0.423,21.4,20.46,20.59,100.74,0.19,1.55,0.91,9.21,1604699067,723015
F2,2998,307.871,427.58,297,0.339,22.03,21.47,20.59,101.24,0.19,1.55,1.54,9.21,1604699067,723015
F2,2314,158.728,199.856,294,0.296,21.64,20.74,20.58,96.75,0.19,1.55,1.16,9.2,1600368520,727387
F2,2320,473.832,347.226,264,0.317,21.85,21.02,20.58,92.76,0.19,1.55,1.37,9.2,1600368520,727387
F2,2487,647.817,43.051,294,0.342,22.03,21.43,20.58,100.8,0.19,1.55,1.55,9.2,1600368520,727387
F2,2436,643.429,672.785,294,0.34,22.06,21.22,20.58,100.65,0.19,1.55,1.58,9.2,1600368520,727387
F2,1683,677.682,104.014,302,0.442,21.56,20.71,20.57,108.28,0.19,1.55,1.09,9.2,1596049660,731758
F2,2200,799.343,510.013,277,0.292,21.48,20.67,20.57,92.86,0.19,1.55,1.01,9.2,1596049660,731758
F2,2591,674.688,425.903,254,0.258,21.56,20.93,20.57,85.06,0.19,1.55,1.09,9.2,1596049660,731758
F2,2305,53.673,209.73,292,0.342,21.52,20.57,20.57,100.37,0.19,1.55,1.05,9.2,1596049660,731758
F2,1729,534.104,395.756,381,0.551,22.28,22.22,20.56,125.97,0.19,1.56,1.82,9.2,1591742455,736125
F2,2960,867.599,815.115,370,0.506,22.02,21.1,20.56,123.62,0.19,1.56,1.56,9.2,1591742455,736125
F2,2291,330.198,797.906,284,0.309,21.58,20.73,20.56,95.92,0.19,1.56,1.12,9.2,1591742455,736125
F2,1915,598.682,641.232,323,0.436,22.08,21.05,20.56,112.81,0.19,1.56,1.62,9.2,1591742455,736125
F2,2517,430.972,423.967,518,0.558,22.8,23.16,20.73,41.3,0.19,1.56,1.7,9.2,1588816108,739098
F2,2466,377.006,64.798,262,0.262,22.05,21.11,20.55,86.78,0.19,1.56,1.6,9.2,1587446874,740490
F2,2506,85.337,339.939,307,0.233,21.58,20.81,20.55,90.88,0.19,1.56,1.13,9.2,1587446874,740490
F2,1870,843.018,828.104,313,0.37,21.66,20.81,20.54,106.99,0.19,1.56,1.22,9.2,1583162885,744851
F2,2312,403.463,508.011,272,0.31,21.98,21.01,20.54,93.62,0.19,1.56,1.54,9.2,1583162885,744851
F2,1703,186.144,267.475,345,0.448,21.93,21.01,20.54,117.76,0.19,1.56,1.49,9.2,1583162885,744851
F2,2240,176.015,88.968,297,0.393,21.28,20.51,20.54,104.75,0.19,1.56,0.84,9.2,1583162885,744851
F2,2016,152.743,576.538,307,0.249,21.67,20.73,20.53,93.5,0.19,1.56,1.24,9.2,1578890458,749208
F2,2669,241.936,58.066,170,0.222,21.98,21.15,20.53,79.91,0.19,1.56,1.55,9.2,1578890458,749208
F2,2047,404.297,72.172,290,0.321,21.71,20.78,20.53,98.25,0.19,1.56,1.28,9.2,1578890458,749208
F2,1556,694.829,817.735,328,0.576,21.28,20.8,20.52,118.59,0.19,1.56,0.86,9.2,1574629560,753561
F2,2872,70.099,269.646,299,0.295,21.97,21.16,20.52,97.7,0.19,1.56,1.55,9.2,1574629560,753561
F2,2467,133.825,116.259,177,0.403,22.01,21.14,20.52,95.65,0.19,1.56,1.59,9.2,1574629560,753561
F2,1909,506.83,444.48,300,0.402,21.54,20.54,20.52,105.92,0.19,1.56,1.12,9.2,1574629560,753561
F2,1922,54.686,283.433,309,0.333,21.72,21.02,20.52,103.4,0.19,1.56,1.3,9.2,1574629560,753561
F2,2372,145.677,37.058,276,0.306,21.7,20.83,20.51,94.03,0.19,1.56,1.29,9.2,1570380161,757908
F2,2151,406.827,782.052,380,0.473,22.32,21.72,20.51,123.23,0.19,1.56,1.91,9.2,1570380161,757908
F2,2053,200.94,249.853,292,0.27,21.81,20.79,20.51,93.37,0.19,1.56,1.4,9.2,1570380161,757908
F2,2287,489.746,552.798,174,0.299,21.98,21.07,20.51,89.15,0.19,1.56,1.57,9.2,1570380161,757908
F2,2861,220.957,500.059,314,0.335,21.61,21.08,20.51,104.65,0.19,1.56,1.2,9.2,1570380161,757908
F2,2116,698.278,147.312,288,0.341,21.41,20.55,20.51,99.42,0.19,1.56,1,9.2,1570380161,757908
F2,2311,337.757,176.217,312,0.336,21.66,20.97,20.5,104.3,0.19,1.57,1.26,9.19,1566142229,762248
F2,2043,375.293,718.491,378,0.419,21.68,20.79,20.5,120.57,0.19,1.57,1.28,9.19,1566142229,762248
F2,2489,847.263,472.621,307,0.483,22.27,21.54,20.5,111.03,0.19,1.57,1.87,9.19,1566142229,762248
F2,2104,213.147,364.457,272,0.365,21.61,20.93,20.5,97.71,0.19,1.57,1.21,9.19,1566142229,762248
F2,1709,377.356,658.374,451,0.623,22.51,21.79,20.61,49.89,0.19,1.57,1.7,9.19,1564933494,763487
F2,2567,503.912,145.854,307,0.304,21.89,21.16,20.49,100.33,0.2,1.57,1.5,9.19,1561915735,766583
F2,1522,373.323,462.304,446,0.572,21.87,21.46,20.49,121.44,0.2,1.57,1.48,9.19,1561915735,766583
F2,1728,184.289,636.129,381,0.593,21.76,20.81,20.49,127.09,0.2,1.57,1.37,9.19,1561915735,766583
F2,2654,642.679,572.352,320,0.355,22.09,21.55,20.49,107.48,0.2,1.57,1.7,9.19,1561915735,766583
F2,2139,605.706,164.195,292,0.27,21.94,20.87,20.49,93.37,0.2,1.57,1.55,9.19,1561915735,766583
F2,2159,234.546,122.594,278,0.286,21.59,20.55,20.49,92.43,0.2,1.57,1.2,9.19,1561915735,766583
F2,2763,878.699,393.997,300,0.314,22.11,21.37,20.49,99.79,0.2,1.57,1.72,9.19,1561915735,766583
F2,1952,683.717,606.454,265,0.298,21.42,20.59,20.49,91.23,0.2,1.57,1.03,9.19,1561915735,766583
F2,1917,583.137,658.359,461,0.192,22.23,21.03,20.49,85.14,0.2,1.57,1.84,9.19,1561915735,766583
F2,5259,744.804,365.482,448,0.664,24.75,22.21,21.21,50.43,0.2,1.57,1.7,9.19,1557780827,770827
F2,2147,716.631,540.415,269,0.262,21.54,20.73,20.48,87.96,0.2,1.57,1.16,9.19,1557700646,770910
F2,2307,319.996,617.377,241,0.265,21.68,20.83,20.48,84.3,0.2,1.57,1.3,9.19,1557700646,770910
F2,2273,397.683,301.931,299,0.317,21.91,21.36,20.48,99.84,0.2,1.57,1.53,9.19,1557700646,770910
F2,1325,539.054,700.875,425,0.578,21.89,21.43,20.48,125.34,0.2,1.57,1.51,9.19,1557700646,770910
F2,2966,292.007,641.779,440,0.564,23.77,22.62,20.94,49.19,0.2,1.57,1.7,9.19,1556558515,772083
F2,2335,699.863,145.77,310,0.391,21.95,21.18,20.47,107.6,0.2,1.57,1.58,9.19,1553496932,775229
F2,2421,383.677,511.695,289,0.267,21.69,21.14,20.47,92.39,0.2,1.57,1.32,9.19,1553496932,775229
F2,1560,613.401,357.201,297,0.479,21.87,20.91,20.47,108.53,0.2,1.57,1.5,9.19,1553496932,775229
F2,2130,161.405,456.508,303,0.348,21.43,20.56,20.47,103.24,0.2,1.57,1.06,9.19,1553496932,775229
F2,1863,395.169,623.677,298,0.428,21.26,20.42,20.47,106.73,0.2,1.57,0.89,9.19,1553496932,775229
F2,1825,273.977,402.602,310,0.424,21.24,20.47,20.47,109.32,0.2,1.57,0.87,9.19,1553496932,775229
F2,2028,207.79,519.523,312,0.296,21.46,20.74,20.47,100.56,0.2,1.57,1.09,9.19,1553496932,775229
F2,2112,296.3,208.554,290,0.264,21.94,21.14,20.47,92.2,0.2,1.57,1.57,9.19,1553496932,775229
F2,2006,810.785,406.28,286,0.347,21.75,20.79,20.47,99.43,0.2,1.57,1.38,9.19,1553496932,775229
F2,1605,203.969,493.424,436,0.538,21.89,20.69,20.46,122.53,0.2,1.57,1.53,9.19,1549304563,779540
F2,1805,359.442,396.001,294,0.356,21.35,20.46,20.46,101.81,0.2,1.57,0.99,9.19,1549304563,779540
F2,2097,189.588,266.447,178,0.495,21.8,20.9,20.45,98.99,0.2,1.57,1.45,9.19,1545123508,783841
F2,2515,542.975,765.505,294,0.395,21.81,21.13,20.45,104.18,0.2,1.57,1.46,9.19,1545123508,783841
F2,1692,239.523,661.27,300,0.32,21.79,20.64,20.44,100.33,0.2,1.58,1.45,9.19,1540953736,788133
F2,2497,24.327,491.417,312,0.348,21.83,21.08,20.44,105.23,0.2,1.58,1.49,9.19,1540953736,788133
F2,2691,308.731,775.795,339,0.487,22.02,21.55,20.44,118.21,0.2,1.58,1.68,9.19,1540953736,788133
F2,1817,679.902,51.165,272,0.283,21.45,20.48,20.43,90.96,0.2,1.58,1.12,9.19,1536795216,792415
F2,2160,622.434,620.733,269,0.354,21.81,20.88,20.43,96.43,0.2,1.58,1.48,9.19,1536795216,792415
F2,2010,275.337,130.635,291,0.282,21.38,20.53,20.43,94.6,0.2,1.58,1.05,9.19,1536795216,792415
F2,1700,131.43,614.878,460,0.142,21.78,20.9,20.43,68.41,0.2,1.58,1.45,9.19,1536795216,792415
F2,1282,863.396,656.01,351,0.586,21.04,20.46,20.43,123.35,0.2,1.58,0.71,9.19,1536795216,792415
F2,1645,49.166,103.181,388,0.6,21.41,20.56,20.43,127.6,0.2,1.58,1.08,9.19,1536795216,792415
F2,2414,669.38,466.236,326,0.314,22.18,21.39,20.43,105.27,0.2,1.58,1.85,9.19,1536795216,792415
F2,1623,787.079,288.645,449,0.305,21.92,21.17,20.42,106.78,0.2,1.58,1.6,9.19,1532647919,796685
F2,2231,332.27,207.499,355,0.441,21.71,20.87,20.42,119.08,0.2,1.58,1.39,9.19,1532647919,796685
F2,2502,23.4,631.599,366,0.401,22.21,20.86,20.42,118.43,0.2,1.58,1.89,9.19,1532647919,796685
F2,2395,574.495,153.833,310,0.315,21.62,20.87,20.42,102.04,0.2,1.58,1.3,9.19,1532647919,796685
F2,2323,165.667,250.222,291,0.42,21.58,21.02,20.42,104.75,0.2,1.58,1.26,9.19,1532647919,796685
F2,1884,599.866,473.719,444,0.617,23.1,22.07,20.71,50.26,0.2,1.58,1.7,9.18,1529672734,799749
F2,1622,541.392,443.704,298,0.396,22.05,20.94,20.41,105.15,0.2,1.58,1.74,9.18,1528511815,800944
F2,1588,887.266,609.134,476,0.129,21.88,20.69,20.41,59.67,0.2,1.58,1.57,9.18,1528511815,800944
F2,1795,405.954,409.103,188,0.394,22.01,20.87,20.41,93.76,0.2,1.58,1.7,9.18,1528511815,800944
F2,2193,260.297,405.949,412,0.225,22.24,21.2,20.41,99.61,0.2,1.58,1.93,9.18,1528511815,800944
F2,1356,297.561,737.609,449,0.581,21.76,20.59,20.41,120.96,0.2,1.58,1.45,9.18,1528511815,800944
F2,1803,786.644,606.898,431,0.405,21.49,20.58,20.4,117.87,0.2,1.58,1.19,9.18,1524386872,805191
F2,1122,452.259,624.1,341,0.493,21.27,20.66,20.4,118.81,0.2,1.58,0.97,9.18,1524386872,805191
F2,1914,554.137,80.88,322,0.309,21.42,20.73,20.39,103.97,0.2,1.58,1.13,9.18,1520273061,809424
F2,2011,165.858,722.627,341,0.338,22.11,21,20.39,110.28,0.2,1.58,1.82,9.18,1520273061,809424
F2,2002,108.682,335.946,278,0.309,21.78,21.02,20.39,94.7,0.2,1.58,1.49,9.18,1520273061,809424
F2,2272,213.546,261.986,310,0.071,21.66,21.01,20.39,20.39,0.2,1.58,1.37,9.18,1520273061,809424
F2,2144,739.896,55.852,283,0.292,21.65,20.97,20.39,94.06,0.2,1.58,1.36,9.18,1520273061,809424
F2,1710,711.522,550.778,294,0.296,21.93,20.88,20.39,96.75,0.2,1.58,1.64,9.18,1520273061,809424
F2,1749,832.748,178.959,261,0.319,21.17,20.41,20.39,92.41,0.2,1.58,0.88,9.18,1520273061,809424
F2,1954,430.979,26.005,272,0.317,21.83,20.9,20.39,94.23,0.2,1.58,1.54,9.18,1520273061,809424
F2,1362,887.622,654.633,483,0.892,21.95,21.42,20.38,114.9,0.2,1.59,1.67,9.18,1516170352,813644
F2,2109,827.857,18.619,164,0.201,21.58,20.44,20.37,76.81,0.2,1.59,1.31,9.18,1512078715,817850
F2,1731,341.025,304.31,314,0.268,21.39,20.74,20.37,97.62,0.2,1.59,1.12,9.18,1512078715,817850
F2,1224,611.563,36.604,476,0.484,21.52,20.73,20.37,110.24,0.2,1.59,1.25,9.18,1512078715,817850
F2,1784,711.917,559.903,298,0.33,21.95,20.99,20.36,100.74,0.2,1.59,1.69,9.18,1507998120,822041
F2,2042,462.821,421.725,172,0.29,21.94,20.88,20.36,88.6,0.2,1.59,1.68,9.18,1507998120,822041
F2,1868,135.708,343.444,243,0.258,21.48,20.52,20.36,83.66,0.2,1.59,1.22,9.18,1507998120,822041
F2,1983,77.576,340.094,191,0.262,21.98,20.97,20.36,83.2,0.2,1.59,1.72,9.18,1507998120,822041
F2,1837,359.384,756.684,396,0.501,21.8,20.85,20.36,124.85,0.2,1.59,1.54,9.18,1507998120,822041
F2,2149,421.425,429.891,365,0.555,21.92,20.95,20.36,124.58,0.2,1.59,1.66,9.18,1507998120,822041
F2,1871,870.02,231.107,165,0.279,21.91,20.98,20.36,88.64,0.2,1.59,1.65,9.18,1507998120,822041
F2,2100,556.26,252.061,450,0.097,22.37,21.12,20.47,44.11,0.2,1.59,1.7,9.18,1506834259,823235
F2,2645,79.945,365.099,337,0.389,22.37,21.25,20.47,113.2,0.2,1.59,1.7,9.18,1506834259,823235
F2,1552,619.005,163.799,295,0.3,21.6,20.71,20.35,97.37,0.2,1.59,1.35,9.18,1503928537,826216
F2,1486,861.583,68.406,468,0.45,21.63,20.45,20.35,111.56,0.2,1.59,1.38,9.18,1503928537,826216
F2,1882,512.132,412.28,286,0.248,21.77,20.86,20.35,89.19,0.2,1.59,1.52,9.18,1503928537,826216
F2,2111,440.356,523.504,330,0.332,21.44,20.8,20.35,107.71,0.2,1.59,1.19,9.18,1503928537,826216
F2,1528,424.559,645.769,289,0.357,21.95,20.93,20.35,100.77,0.2,1.59,1.7,9.18,1503928537,826216
F2,2128,651.229,824.181,290,0.339,21.83,21.06,20.34,99.7,0.2,1.59,1.59,9.18,1499869936,830375
F2,2089,756.694,173.34,306,0.331,21.27,20.52,20.33,102.58,0.2,1.59,1.04,9.17,1495822288,834516
F2,1799,575.492,194.88,170,0.231,22.14,20.99,20.33,81.41,0.2,1.59,1.91,9.17,1495822288,834516
F2,1880,847.714,649.539,330,0.364,22.1,20.99,20.33,110.2,0.2,1.59,1.87,9.17,1495822288,834516
F2,1735,830.73,41.451,262,0.226,21.5,20.72,20.33,81.52,0.2,1.59,1.27,9.17,1495822288,834516
F2,1318,131.437,385.234,297,0.335,21.35,20.44,20.32,100.92,0.2,1.6,1.13,9.17,1491785563,838641
F2,1017,501.398,309.847,449,0.623,21.32,20.39,20.32,121.92,0.2,1.6,1.1,9.17,1491785563,838641
F2,1820,780.108,653.67,332,0.225,22.21,21.27,20.32,93.97,0.2,1.6,1.99,9.17,1491785563,838641
F2,1841,278.849,8.182,408,0.366,21.69,20.66,20.32,117.6,0.2,1.6,1.47,9.17,1491785563,838641
F2,548,892.66,672.237,529,1.418,22.52,99.99,20.48,96.62,0.2,1.6,1.7,9.17,1489560426,840911
F2,2255,225.671,511.834,378,0.368,21.88,20.86,20.31,117.38,0.2,1.6,1.67,9.17,1487759733,842746
F2,1343,50.503,354.209,319,0.448,21.13,20.45,20.3,112.45,0.2,1.6,0.93,9.17,1483744766,846833
F2,1553,826.799,327.667,460,0.37,21.5,20.58,20.3,109.63,0.2,1.6,1.3,9.17,1483744766,846833
F2,724,771.042,384.463,370,0.89,22.86,21.94,20.56,130.99,0.21,1.6,1.7,9.17,1473533453,857186
F2,1730,541.524,536.047,224,0.398,22.65,21.55,20.5,92.98,0.21,1.61,1.7,9.17,1462670733,868123
F2,1133,71.767,566.213,460,0.632,21.56,20.64,20.29,119.18,0.21,1.61,1.37,9.16,1453321171,877461
F2,2318,84.369,34.552,501,0.539,23.58,21.24,20.75,42.84,0.21,1.62,1.7,9.16,1445171520,885534
F2,2194,768.241,550.935,353,0.412,21.84,21.07,20.28,117.31,0.21,1.62,1.66,9.15,1423521399,906622
F2,1834,113.048,406.136,318,0.229,21.7,20.93,20.28,92.25,0.21,1.62,1.52,9.15,1423521399,906622
F2,1616,101.122,391.106,274,0.277,21.54,20.7,20.28,90.67,0.21,1.62,1.36,9.15,1423521399,906622
F2,1600,93.163,244.983,180,0.421,21.88,20.87,20.28,96.02,0.21,1.62,1.7,9.15,1423521399,906622
F2,1499,665.151,396.558,260,0.26,21.47,20.67,20.27,86.21,0.21,1.64,1.3,9.14,1394332660,934005
F2,986,773.864,71.346,493,0.554,22.01,20.66,20.27,105.85,0.21,1.64,1.84,9.14,1394332660,934005
F2,1542,791.883,392.269,314,0.391,21.85,21.01,20.27,108.5,0.21,1.64,1.68,9.14,1394332660,934005
F2,1690,702.089,302.619,281,0.22,21.75,20.9,20.27,83.63,0.21,1.64,1.58,9.14,1394332660,934005
F2,1476,706.694,203.573,337,0.269,21.4,20.53,20.27,102.1,0.21,1.64,1.23,9.14,1394332660,934005
F2,1178,655.254,418.403,455,0.508,21.7,20.66,20.27,117.4,0.21,1.64,1.53,9.14,1394332660,934005
F2,2428,698.016,398.013,350,0.472,22.35,20.98,20.4,119.63,0.21,1.64,1.7,9.14,1389526392,938375
F2,1134,690.081,79.855,409,0.449,21.93,21.43,20.26,122.39,0.22,1.65,1.77,9.14,1365742424,959308
F2,1115,563.077,161.583,514,0.419,21.8,20.75,20.26,92.61,0.22,1.65,1.64,9.14,1365742424,959308
F2,1413,660.172,73.683,398,0.387,21.51,20.49,20.25,119.33,0.22,1.66,1.36,9.13,1337738419,982239
F2,1111,174.542,430.648,458,0.536,21.93,20.76,20.25,117.45,0.22,1.66,1.78,9.13,1337738419,982239
F2,1032,786.15,72.583,302,0.39,21.42,20.43,20.25,105.73,0.22,1.66,1.27,9.13,1337738419,982239
F2,1221,480.87,-1.88,302,0.334,21.26,20.33,20.25,101.94,0.22,1.66,1.11,9.13,1337738419,982239
F2,1457,179.029,357.745,356,0.398,21.43,21.03,20.25,116.96,0.22,1.66,1.28,9.13,1337738419,982239
F2,1039,692.432,94.454,416,0.526,21.04,20.24,20.25,124.83,0.22,1.66,0.89,9.13,1337738419,982239
F2,1081,314.049,818.506,412,0.44,21.32,20.55,20.25,121.78,0.22,1.66,1.17,9.13,1337738419,982239
F2,1124,881.169,122.298,393,0.368,21.65,21.09,20.25,118.01,0.22,1.66,1.5,9.13,1337738419,982239
F2,1631,679.773,105.185,349,0.326,21.69,20.75,20.25,110.55,0.22,1.66,1.54,9.13,1337738419,982239
F2,2143,643.003,586.01,342,0.36,21.84,21.2,20.25,112.19,0.22,1.66,1.69,9.13,1337738419,982239
F2,946,674.638,817.162,398,0.481,21.62,21.31,20.25,124.09,0.22,1.66,1.47,9.13,1337738419,982239
F2,1082,863.847,428.322,416,0.463,21.07,20.23,20.24,122.51,0.22,1.68,0.93,9.12,1310308626,1002526
F2,1272,752.651,190.181,373,0.383,21.28,20.44,20.24,118.02,0.22,1.68,1.14,9.12,1310308626,1002526
F2,748,532.077,342.634,420,0.588,21.83,21.33,20.24,126.19,0.22,1.68,1.69,9.12,1310308626,1002526
F2,1697,887.821,314.828,323,0.33,21.48,20.7,20.24,106.13,0.22,1.68,1.34,9.12,1310308626,1002526
F2,1465,830.918,266.779,175,0.303,21.55,20.65,20.23,89.36,0.23,1.69,1.42,9.11,1283441269,1019920
F2,1211,266.011,-3.585,305,0.35,21.08,20.3,20.23,103.83,0.23,1.69,0.95,9.11,1283441269,1019920
F2,1154,818.647,625.91,338,0.387,21.03,20.4,20.23,113.27,0.23,1.69,0.9,9.11,1283441269,1019920
F2,647,442.445,-0.474,636,0.815,22.5,21.03,20.41,40.3,0.23,1.7,1.7,9.1,1271970503,1026503
F2,1243,541.883,392.268,296,0.388,21.61,20.82,20.22,104.25,0.23,1.7,1.49,9.1,1257124817,1034205
F2,1251,592.318,113.564,278,0.369,21.42,20.5,20.22,99.18,0.23,1.7,1.3,9.1,1257124817,1034205
F2,1205,109.527,261.751,447,0.389,21.79,21.14,20.22,113.99,0.23,1.7,1.67,9.1,1257124817,1034205
F2,1387,83.99,774.122,391,0.384,21.92,21.15,20.22,119.09,0.23,1.7,1.8,9.1,1257124817,1034205
F2,1004,169.996,493.106,395,0.546,20.93,20.02,20.22,126.31,0.23,1.7,0.81,9.1,1257124817,1034205
F2,1508,529.299,819.837,324,0.29,21.71,20.72,20.22,102.34,0.23,1.7,1.59,9.1,1257124817,1034205
F2,1380,691.007,27.103,274,0.213,21.99,20.81,20.22,81.09,0.23,1.7,1.87,9.1,1257124817,1034205
F2,1374,100.095,253.502,366,0.366,21.49,20.65,20.22,116.14,0.23,1.7,1.37,9.1,1257124817,1034205
F2,1389,807.249,555.021,302,0.235,21.57,20.81,20.22,90.25,0.23,1.7,1.45,9.1,1257124817,1034205
F2,2357,612.716,491.961,527,0.667,23.81,22.99,20.76,41.67,0.23,1.71,1.7,9.09,1242942800,1040643
F2,1382,110.288,722.837,452,0.18,22,20.97,20.21,83.51,0.23,1.72,1.89,9.09,1231347974,1045200
F2,970,14.395,722.569,399,0.511,20.94,20.18,20.21,125.18,0.23,1.72,0.83,9.09,1231347974,1045200
F2,1559,640.348,70.001,338,0.38,21.29,20.75,20.21,112.83,0.23,1.72,1.18,9.09,1231347974,1045200
F2,1181,604.368,485.248,381,0.375,21.28,20.28,20.21,118.07,0.23,1.72,1.17,9.09,1231347974,1045200
F2,2247,289.713,806.131,400,0.47,22.52,21.58,20.4,123.62,0.24,1.73,1.7,9.09,1217096478,1049881
F2,1255,673.457,23.479,471,0.527,22.45,20.92,20.38,113.27,0.24,1.73,1.7,9.08,1214098333,1050732
F2,1447,781.259,221.809,376,0.484,21.71,21.06,20.2,123.37,0.24,1.73,1.61,9.08,1206099674,1052767
F2,1481,488.082,193.035,214,0.29,21.83,20.57,20.2,85.34,0.24,1.73,1.73,9.08,1206099674,1052767
F2,874,470.74,678.097,354,0.434,21.21,20.53,20.2,118.6,0.24,1.73,1.11,9.08,1206099674,1052767
F2,2549,447.949,58.256,395,0.481,22.57,22.08,20.41,124.09,0.24,1.73,1.7,9.08,1204434980,1053147
F2,2380,708.827,734.763,337,0.478,22.22,21.43,20.31,117.48,0.24,1.74,1.7,9.08,1189673111,1055841
F2,721,478.034,712.025,621,0.544,21.93,20.66,20.19,44.41,0.24,1.75,1.84,9.07,1181369080,1056809
F2,853,302.687,543.326,409,0.502,21.01,20.23,20.19,124.53,0.24,1.75,0.92,9.07,1181369080,1056809
F2,1494,70.381,424.654,335,0.29,21.39,20.86,20.19,104.42,0.24,1.75,1.3,9.07,1181369080,1056809
F2,1809,849.471,740.46,345,0.386,21.67,20.85,20.19,114.48,0.24,1.75,1.58,9.07,1181369080,1056809
F2,1125,710.975,410.796,453,0.17,21.54,20.64,20.18,80.2,0.25,1.76,1.46,9.06,1157145578,1057279
F2,660,121.747,653.525,551,0.621,21.76,20.42,20.18,79.37,0.25,1.76,1.68,9.06,1157145578,1057279
F2,1505,290.979,788.72,436,0.192,21.62,20.59,20.18,89.42,0.25,1.76,1.54,9.06,1157145578,1057279
F2,1144,406.09,412.486,351,0.318,21.36,20.68,20.18,110.09,0.25,1.76,1.28,9.06,1157145578,1057279
F2,988,708.433,429.74,360,0.274,21.24,20.45,20.17,106.19,0.25,1.77,1.17,9.05,1133418769,1054176
F2,1028,494.779,27.265,306,0.39,20.96,20.04,20.17,106.64,0.25,1.77,0.89,9.05,1133418769,1054176
F2,1364,154.398,108.098,180,0.266,21.29,20.34,20.17,84.84,0.25,1.77,1.22,9.05,1133418769,1054176
F2,1378,135.92,532.695,180,0.235,21.44,20.49,20.17,80.67,0.25,1.77,1.37,9.05,1133418769,1054176
F2,1185,555.668,148.297,373,0.444,21.44,21,20.17,121.41,0.25,1.77,1.37,9.05,1133418769,1054176
F2,1685,370.284,103.559,428,0.358,22.26,21.52,20.3,115.19,0.25,1.78,1.7,9.05,1120742880,1051011
F2,904,613.064,539.52,407,0.428,21.06,20.26,20.16,121.47,0.25,1.79,1,9.05,1110178468,1047549
F2,1367,376.052,-10.798,668,0.497,21.65,20.81,20.16,29.13,0.25,1.79,1.59,9.05,1110178468,1047549
F2,1579,359.919,637.705,369,0.409,21.76,21.01,20.16,119.22,0.25,1.79,1.7,9.05,1110178468,1047549
F2,1311,144.601,757.731,444,0.4,21.24,20.58,20.16,115.28,0.25,1.79,1.18,9.05,1110178468,1047549
F2,797,511.539,298.404,398,0.426,21.4,20.82,20.15,121.6,0.26,1.8,1.35,9.04,1087414701,1037491
F2,1271,103.029,229.035,297,0.311,21.72,20.85,20.15,98.86,0.26,1.8,1.67,9.04,1087414701,1037491
F2,877,195.617,278.93,310,0.346,21.01,20.17,20.15,104.64,0.26,1.8,0.96,9.04,1087414701,1037491
F2,929,72.743,19.972,423,0.438,21.14,20.19,20.15,120.67,0.26,1.8,1.09,9.04,1087414701,1037491
F2,901,70.901,646.594,433,0.478,21.41,20.66,20.14,121.01,0.26,1.82,1.37,9.03,1065117696,1024142
F2,991,41.21,298.708,356,0.336,21.22,20.6,20.14,112.49,0.26,1.82,1.18,9.03,1065117696,1024142
F2,1547,249.17,142.121,428,0.222,22.15,20.86,20.25,97.64,0.26,1.82,2,9.02,1058831510,1019748
F2,1261,257.534,681.248,427,0.538,22.16,21.42,20.25,123.96,0.26,1.83,1.7,9.02,1050611247,1013582
F2,973,728.236,285.185,358,0.363,21.13,20.31,20.13,114.93,0.26,1.83,1.1,9.02,1043277881,1007681
F2,1110,9.058,379.27,463,0.527,21.19,20.45,20.13,115.76,0.26,1.83,1.16,9.02,1043277881,1007681
F2,995,80.395,-10.595,663,0.645,21.1,20.36,20.13,31.23,0.26,1.83,1.07,9.02,1043277881,1007681
F2,1168,626.103,102.738,271,0.252,20.85,20.12,20.13,86.98,0.26,1.83,0.82,9.02,1043277881,1007681
F2,962,416.83,712.25,407,0.482,22.23,21.27,20.26,123.89,0.27,1.84,1.7,9.01,1023601178,989994
F2,1401,450.796,258.307,401,0.439,22.34,21.39,20.29,122.21,0.27,1.84,1.7,9.01,1023399230,989799
F2,832,51.849,373.813,439,0.402,21.75,20.96,20.12,116.37,0.27,1.84,1.73,9.01,1021885884,988325
F2,1108,497.846,595.427,434,0.416,21.59,20.58,20.12,118.01,0.27,1.84,1.57,9.01,1021885884,988325
F2,1162,599.665,143.639,436,0.404,21.32,20.37,20.12,117.01,0.27,1.84,1.3,9.01,1021885884,988325
F2,839,328.852,173.045,442,0.467,21.05,20.22,20.12,118.93,0.27,1.84,1.03,9.01,1021885884,988325
F2,1204,319.576,816.011,398,0.259,21.81,20.75,20.12,106.23,0.27,1.84,1.79,9.01,1021885884,988325
F2,1536,414.598,114.209,410,0.438,22.01,20.6,20.12,121.81,0.27,1.84,1.99,9.01,1021885884,988325
F2,1794,491.605,75.748,419,0.488,22.87,21.76,20.43,123.24,0.27,1.85,1.7,9,1009261810,975423
F2,1258,43.96,221.394,396,0.36,21.55,20.48,20.11,117.43,0.27,1.86,1.54,9,1000932521,966321
F2,870,265.326,15.04,451,0.444,21.62,20.85,20.11,115.96,0.27,1.86,1.61,9,1000932521,966321
F2,905,442.866,243.989,321,0.329,20.94,20.18,20.11,105.63,0.27,1.86,0.93,9,1000932521,966321
F2,1349,872.937,654.931,480,0.452,20.9,20.29,20.11,107.66,0.27,1.86,0.89,9,1000932521,966321
F2,1121,284.613,49.73,598,0.511,22.63,21.15,20.36,54.11,0.27,1.86,1.7,9,996695355,961512
F2,645,753.39,308.952,445,0.552,21.84,21.19,20.1,121.13,0.27,1.87,1.84,8.99,980408798.3,941938
F2,852,233.105,436.758,443,0.495,21.07,20.14,20.1,119.78,0.27,1.87,1.07,8.99,980408798.3,941938
F2,938,384.965,361.451,427,0.348,21.8,21.01,20.1,114.53,0.27,1.87,1.8,8.99,980408798.3,941938
F2,1138,351.421,437.518,424,0.297,21.73,20.96,20.1,109.92,0.27,1.87,1.73,8.99,980408798.3,941938
F2,1390,756.298,-9.293,364,0.342,21.6,20.95,20.1,114.03,0.27,1.87,1.6,8.99,980408798.3,941938
F2,1200,885.058,465.589,369,0.379,21.53,21.08,20.1,117.37,0.27,1.87,1.53,8.99,980408798.3,941938
F2,1403,570.336,356.383,381,0.436,21.76,20.73,20.1,121.64,0.27,1.87,1.76,8.99,980408798.3,941938
F2,1262,171.765,513.055,379,0.471,22.38,20.83,20.28,123.08,0.28,1.89,1.7,8.98,964102987.4,920657
F2,976,833.153,409.515,462,0.408,21.67,21.15,20.09,111.35,0.28,1.89,1.68,8.98,960305906.4,915468
F2,1014,798.49,34.797,290,0.266,21.45,20.52,20.09,92.46,0.28,1.89,1.46,8.98,960305906.4,915468
F2,1159,590.311,348.722,355,0.334,21.36,20.61,20.09,112.17,0.28,1.89,1.37,8.98,960305906.4,915468
F2,720,490.606,232.419,427,0.515,21.27,20.17,20.09,123.24,0.28,1.89,1.28,8.98,960305906.4,915468
F2,884,587.084,469.637,372,0.313,21.29,20.57,20.09,112.12,0.28,1.89,1.3,8.98,960305906.4,915468
F2,1300,721.038,644.433,427,0.27,21.62,20.54,20.09,106.1,0.28,1.89,1.63,8.98,960305906.4,915468
F2,1428,310.168,448.889,400,0.37,21.73,20.58,20.09,118.15,0.28,1.89,1.74,8.98,960305906.4,915468
F2,799,864.499,45.122,480,0.799,22.46,21.3,20.3,115.05,0.28,1.89,1.7,8.98,958980464.1,913636
F2,1617,571.782,6.244,408,0.25,22.36,21.21,20.27,104.51,0.28,1.9,1.7,8.98,951723164.6,903425
F2,1613,848.538,389.54,392,0.346,22.4,21.42,20.28,116.28,0.28,1.9,1.7,8.98,949191424.1,899791
F2,1129,541.726,448.683,288,0.31,21,20.42,20.08,96.85,0.28,1.9,1.02,8.97,940615216.2,887212
F2,1096,164.605,652.455,185,0.241,21.22,20.35,20.08,81,0.28,1.9,1.24,8.97,940615216.2,887212
F2,993,28.742,806.438,277,0.247,21.3,20.32,20.08,87.35,0.28,1.9,1.32,8.97,940615216.2,887212
F2,1065,137.791,178.163,407,0.354,21.24,20.21,20.07,116.73,0.28,1.92,1.27,8.96,921328275.9,857479
F2,1147,234.777,555.588,351,0.283,21.35,20.73,20.07,106.19,0.28,1.92,1.38,8.96,921328275.9,857479
F2,883,136.275,129.456,757,0.44,21.2,20.25,20.07,29.56,0.28,1.92,1.23,8.96,921328275.9,857479
F2,1074,851.034,88.744,464,0.231,21.95,20.92,20.07,93.01,0.28,1.92,1.98,8.96,921328275.9,857479
F2,1216,232.343,42.286,187,0.306,21.24,20.28,20.06,88.08,0.29,1.93,1.28,8.96,902436806.5,826576
F2,746,128.006,596.062,418,0.409,21.89,21.06,20.06,119.68,0.29,1.93,1.93,8.96,902436806.5,826576
F2,841,350.13,761.766,310,0.266,21.23,20.2,20.06,96.54,0.29,1.93,1.27,8.96,902436806.5,826576
F2,1184,690.203,725.324,326,0.344,21.55,20.69,20.06,107.9,0.29,1.93,1.59,8.96,902436806.5,826576
F2,906,839.347,811.938,341,0.385,21.09,20.39,20.05,113.7,0.29,1.95,1.14,8.95,883932699.2,794805
F2,789,723.67,55.691,483,0.415,21.12,20.26,20.05,104.98,0.29,1.95,1.17,8.95,883932699.2,794805
F2,1736,40.346,627.771,193,0.247,22.55,21.26,20.29,81.12,0.29,1.96,1.7,8.94,868888492.9,768031
F2,860,508.933,137.441,506,0.592,21.47,20.66,20.04,101.1,0.29,1.97,1.53,8.94,865808011.3,762457
F2,641,863.081,172.932,431,0.5,21.84,20.94,20.04,122.14,0.29,1.97,1.9,8.94,865808011.3,762457
F2,605,593.389,604.382,326,0.428,20.88,20.14,20.04,113.08,0.29,1.97,0.94,8.94,865808011.3,762457
F2,701,695.499,245.672,424,0.384,21.85,21.03,20.04,117.53,0.29,1.97,1.91,8.94,865808011.3,762457
F2,1100,455.267,724.707,243,0.247,21.85,20.78,20.04,82.22,0.29,1.97,1.91,8.94,865808011.3,762457
F2,1190,521.926,783.06,386,0.336,21.73,20.5,20.04,115.24,0.29,1.97,1.79,8.94,865808011.3,762457
F2,876,599.405,44.98,373,0.434,21.15,20.09,20.03,120.93,0.3,1.98,1.22,8.93,848054962.8,729808
F2,1037,741.93,653.414,313,0.267,21.19,20.33,20.03,97.28,0.3,1.98,1.26,8.93,848054962.8,729808
F2,895,343.661,20.594,288,0.258,21.3,20.24,20.03,91,0.3,1.98,1.37,8.93,848054962.8,729808
F2,771,21.368,211.332,452,0.344,21.78,20.85,20.03,109.72,0.3,1.98,1.85,8.93,848054962.8,729808
F2,768,86.564,427.453,471,0.518,21.23,20.23,20.03,113,0.3,1.98,1.3,8.93,848054962.8,729808
F2,754,815.2,569.692,457,0.431,21.15,20.37,20.03,113.86,0.3,1.98,1.22,8.93,848054962.8,729808
F2,858,889.946,524.23,489,0.49,21.82,21.24,20.03,105.68,0.3,1.98,1.89,8.93,848054962.8,729808
F2,917,761.6,134.913,458,0.108,21.38,20.47,20.03,50.81,0.3,1.98,1.45,8.93,848054962.8,729808
F2,1294,171.705,600.459,323,0.335,21.33,20.68,20.03,106.55,0.3,1.98,1.4,8.93,848054962.8,729808
F2,767,565.067,437.93,722,0.483,21.49,20.36,20.03,24.93,0.3,1.98,1.56,8.93,848054962.8,729808
F2,1260,831.726,578.119,417,0.647,22.81,22.11,20.35,127.81,0.3,1.99,1.7,8.93,841886251.2,718280
F2,975,219.651,848.037,410,0.305,21.74,20.83,20.02,111.98,0.3,2,1.82,8.92,830665933.6,697115
F2,735,763.26,172.846,456,0.493,21.06,20.24,20.02,116.64,0.3,2,1.14,8.92,830665933.6,697115
F2,723,234.762,350.07,426,0.436,20.96,20.02,20.02,120.21,0.3,2,1.04,8.92,830665933.6,697115
F2,1376,294.451,571.822,380,0.423,21.53,20.76,20.02,120.92,0.3,2,1.61,8.92,830665933.6,697115
F2,786,25.18,214.175,428,0.495,21.18,20.15,20.02,122.41,0.3,2,1.26,8.92,830665933.6,697115
F2,805,849.506,87.339,423,0.297,21.54,20.81,20.02,110.03,0.3,2,1.62,8.92,830665933.6,697115
F2,3201,671.573,133.334,242,0.347,24.05,22.9,20.68,34,0.3,2.01,1.7,8.91,820646982.9,678042
F2,918,311.623,31.425,335,0.257,21.05,20.3,20.01,100.02,0.3,2.01,1.14,8.91,813633459.5,664615
F2,1012,631.397,109.589,399,0.308,21.17,20.3,20.01,112.66,0.3,2.01,1.26,8.91,813633459.5,664615
F2,998,675.854,236.591,449,0.169,21.61,20.76,20.01,80.53,0.3,2.01,1.7,8.91,813633459.5,664615
F2,715,356.303,157.95,436,0.361,21.29,20.3,20.01,114.22,0.3,2.01,1.38,8.91,813633459.5,664615
F2,762,868.161,351.759,391,0.442,21.3,20.82,20.01,122.35,0.3,2.01,1.39,8.91,813633459.5,664615
F2,857,144.135,662.058,476,0.432,21.52,20.57,20.01,108.2,0.3,2.01,1.61,8.91,813633459.5,664615
F2,815,716.371,310.165,438,0.449,21.85,21.02,20.01,118.93,0.3,2.01,1.94,8.91,813633459.5,664615
F2,1195,240.108,329.556,382,0.28,21.34,20.45,20.01,108.92,0.3,2.01,1.43,8.91,813633459.5,664615
F2,745,764.869,387.731,196,0.304,21.57,20.84,20,87.14,0.31,2.03,1.67,8.9,796950229.4,632519
F2,773,860.026,519.779,397,0.263,21.24,20.65,20,106.86,0.31,2.03,1.34,8.9,796950229.4,632519
F2,935,276.218,750.716,197,0.241,21.24,20.49,20,80.03,0.31,2.03,1.34,8.9,796950229.4,632519
F2,685,547.669,746.478,419,0.404,21.65,20.9,20,119.3,0.31,2.03,1.75,8.9,796950229.4,632519
F2,817,346.288,464.295,177,0.279,21.03,20.3,20,86.7,0.31,2.03,1.13,8.9,796950229.4,632519
F2,964,700.009,428.179,387,0.275,21.29,20.24,19.99,108.45,0.31,2.05,1.4,8.89,780609082.4,601017
F2,726,6.964,347.804,419,0.484,21.1,20.08,19.99,123.08,0.31,2.05,1.21,8.89,780609082.4,601017
F2,1044,766.51,748.804,182,0.242,21.09,20.28,19.99,81.47,0.31,2.05,1.2,8.89,780609082.4,601017
F2,1267,351.482,692.093,437,0.557,23.03,21.75,20.38,122.89,0.31,2.05,1.7,8.89,772564592.4,585540
F2,897,496.569,370.754,450,0.457,22.2,20.85,20.15,116.76,0.31,2.06,1.7,8.88,765735330.7,572438
F2,722,214.223,359.629,431,0.34,21.16,20.15,19.98,113.32,0.31,2.06,1.28,8.88,764603004.1,570270
F2,1454,61.897,796.132,360,0.497,21.54,20.8,19.98,122.09,0.31,2.06,1.66,8.88,764603004.1,570270
F2,727,384.77,349.745,460,0.199,21.08,20.19,19.98,87.12,0.31,2.06,1.2,8.88,764603004.1,570270
F2,843,386.502,661.37,446,0.237,21.73,20.71,19.98,97.92,0.31,2.06,1.85,8.88,764603004.1,570270
F2,743,49.043,131.927,452,0.245,21.07,20.35,19.98,98.15,0.31,2.06,1.19,8.88,764603004.1,570270
F2,1027,387.202,150.105,427,0.258,21.44,20.46,19.98,104.31,0.31,2.06,1.56,8.88,764603004.1,570270
F2,872,543.791,359.843,427,0.362,22,20.98,20.09,115.62,0.32,2.07,1.7,8.88,754189437.4,550403
F2,775,442.662,159.731,431,0.353,21.55,20.84,19.97,114.39,0.32,2.08,1.68,8.87,748925124,540418
F2,808,783.843,412.3,401,0.41,21.04,20.18,19.97,120.69,0.32,2.08,1.17,8.87,748925124,540418
F2,692,164.06,165.64,395,0.41,20.93,19.94,19.97,120.74,0.32,2.08,1.06,8.87,748925124,540418
F2,1112,620.794,311.416,393,0.365,21.6,20.88,19.97,117.79,0.32,2.08,1.73,8.87,748925124,540418
F2,1135,91.713,2.622,394,0.485,21.27,20.21,19.97,124.24,0.32,2.08,1.4,8.87,748925124,540418
F2,982,443.991,671.618,393,0.238,21.46,20.37,19.96,102.6,0.32,2.09,1.6,8.87,733568712.6,511572
F2,945,456.772,44.377,405,0.409,21.28,20.32,19.96,120.52,0.32,2.09,1.42,8.87,733568712.6,511572
F2,828,528.831,805.376,498,0.433,21.76,20.5,19.96,100.03,0.32,2.09,1.9,8.87,733568712.6,511572
F2,777,526.587,462.444,194,0.312,21.2,20.48,19.96,87.96,0.32,2.09,1.34,8.87,733568712.6,511572
F2,691,161.947,593.063,473,0.482,21.3,20.72,19.95,111.18,0.32,2.11,1.45,8.86,718527178.3,483825
F2,598,576.358,405.224,446,0.396,21.23,20.5,19.95,114.63,0.32,2.11,1.38,8.86,718527178.3,483825
F2,653,761.328,478.053,402,0.32,21.2,20.63,19.94,113.86,0.33,2.13,1.36,8.85,703794064.7,457245
F2,779,621.909,244.18,505,0.506,20.82,20.27,19.94,99.54,0.33,2.13,0.98,8.85,703794064.7,457245
F2,896,148.425,12.985,439,0.229,21.17,20.24,19.94,97.59,0.33,2.13,1.33,8.85,703794064.7,457245
F2,927,39.207,632.947,430,0.694,23.05,21.74,20.35,127.06,0.33,2.13,1.7,8.84,698261252.1,447436
F2,651,501.926,11.122,447,0.537,22.11,21.27,20.09,120.26,0.33,2.14,1.7,8.84,692225382.6,436853
F2,676,265.506,126.52,451,0.322,21.38,20.47,19.93,108.04,0.33,2.15,1.55,8.84,689363047.7,431879
F2,1019,145.017,297.283,416,0.45,21.67,20.48,19.93,121.94,0.33,2.15,1.84,8.84,689363047.7,431879
F2,814,287.076,201.624,359,0.345,21.33,20.63,19.93,113.66,0.33,2.15,1.5,8.84,689363047.7,431879
F2,778,583.304,118.457,476,0.436,21.66,20.83,19.93,108.38,0.33,2.15,1.83,8.84,689363047.7,431879
F2,570,331.109,213.328,437,0.435,20.86,20.01,19.93,118.47,0.33,2.15,1.03,8.84,689363047.7,431879
F2,525,827.538,654.031,454,0.507,20.86,19.94,19.92,117.63,0.33,2.16,1.04,8.83,675227933,407760
F2,769,192.557,554.662,402,0.226,21.42,20.55,19.92,100.2,0.33,2.16,1.6,8.83,675227933,407760
F2,644,68.446,709.041,457,0.357,21.27,20.59,19.92,109.5,0.33,2.16,1.45,8.83,675227933,407760
F2,1161,264.717,721.636,500,0.744,23.35,22.08,20.42,106.15,0.34,2.16,1.7,8.83,674761787.4,406978
F2,1512,869.103,267.056,275,0.365,23.03,21.47,20.33,98.32,0.34,2.17,1.7,8.83,669919690.4,398903
F2,861,549.033,372.27,408,0.256,21.29,20.25,19.91,105.51,0.34,2.18,1.48,8.82,661382653.2,384901
F2,856,123.108,645.115,376,0.328,21.38,20.46,19.91,113.93,0.34,2.18,1.57,8.82,661382653.2,384901
F2,351,335.357,155.84,488,0.589,21.44,20.18,19.91,108.65,0.34,2.18,1.63,8.82,661382653.2,384901
F2,666,770.632,463.31,370,0.308,20.95,20.07,19.91,111.41,0.34,2.18,1.14,8.82,661382653.2,384901
F2,809,131.859,25.982,451,0.138,21.22,20.24,19.91,68.01,0.34,2.18,1.41,8.82,661382653.2,384901
F2,656,607.63,715.505,459,0.426,21.4,20.79,19.9,113.09,0.34,2.2,1.6,8.81,647821265.3,363302
F2,966,461.003,9.151,408,0.423,21.68,20.93,19.9,121.16,0.34,2.2,1.88,8.81,647821265.3,363302
F2,531,141.483,398.036,444,0.457,20.96,20.22,19.89,118.1,0.35,2.21,1.17,8.8,634537948.3,342952
F2,554,276.199,581.529,469,0.446,20.81,20.02,19.89,111.08,0.35,2.21,1.02,8.8,634537948.3,342952
F2,579,464.394,206.324,504,0.387,21.37,20.29,19.89,95.43,0.35,2.21,1.58,8.8,634537948.3,342952
F2,406,267.293,-12.372,451,0.497,20.88,19.97,19.89,118.04,0.35,2.21,1.09,8.8,634537948.3,342952
F2,545,319.482,579.227,576,0.601,22.32,20.67,20.11,66.13,0.35,2.23,1.7,8.79,622201856.9,324800
F2,738,729.1,572.033,337,0.248,21.17,20.27,19.88,98.94,0.35,2.23,1.39,8.79,621527000.4,323828
F2,470,413.81,765.776,433,0.514,20.93,19.89,19.88,122.3,0.35,2.23,1.15,8.79,621527000.4,323828
F2,510,553.145,557.418,558,0.567,21.19,20.29,19.88,74.94,0.35,2.23,1.41,8.79,621527000.4,323828
F2,449,563.957,505.081,513,0.521,21.01,20.03,19.88,96.35,0.35,2.23,1.23,8.79,621527000.4,323828
F2,869,261.072,301.476,480,0.392,20.94,20.25,19.88,104.85,0.35,2.23,1.16,8.79,621527000.4,323828
F2,614,260.17,752.254,426,0.332,21.46,20.59,19.87,113.28,0.35,2.25,1.69,8.78,608782836.8,305900
F2,593,826.095,702.382,432,0.39,20.76,19.91,19.87,116.83,0.35,2.25,0.99,8.78,608782836.8,305900
F2,519,116.502,331.936,466,0.494,20.76,20.09,19.87,113.82,0.35,2.25,0.99,8.78,608782836.8,305900
F2,632,684.77,31.204,454,0.363,21.45,20.23,19.87,110.68,0.35,2.25,1.68,8.78,608782836.8,305900
F2,864,717.957,378.409,484,0.45,22.11,21.27,20.04,106.14,0.35,2.26,1.7,8.78,600254552.9,294358
F2,505,724.158,628.283,431,0.55,21.93,21.07,19.99,123.72,0.35,2.26,1.7,8.78,598894068,292551
F2,567,828.328,263.4,477,0.418,20.85,20.05,19.86,107.21,0.36,2.27,1.09,8.78,596299987.2,289131
F2,734,20.15,269.139,431,0.522,22.42,21.32,20.12,122.88,0.36,2.27,1.7,8.77,592196177.8,283792
F2,1153,176.104,27.906,494,0.433,22.18,20.97,20.05,101.64,0.36,2.29,1.7,8.77,584822663.4,274416
F2,730,237.848,279.713,467,0.408,20.96,20.13,19.85,109.9,0.36,2.29,1.21,8.77,584073093.4,273478
F2,1059,245.611,319.988,605,0.704,23.32,21.6,20.36,52.8,0.36,2.29,1.7,8.77,582117218.8,271046
F2,315,119.328,571.688,482,0.629,20.77,19.76,19.84,111.76,0.36,2.3,1.03,8.76,572096907.3,258896
F2,602,327.154,294.349,458,0.208,21.16,20.45,19.84,89.67,0.36,2.3,1.42,8.76,572096907.3,258896
F2,683,168.621,199.772,369,0.371,21.21,20.59,19.84,116.82,0.36,2.3,1.47,8.76,572096907.3,258896
F2,944,624.171,204.963,475,0.429,21.92,20.46,19.97,108.4,0.36,2.31,1.7,8.76,570124888.1,256566
F2,601,227.961,389.674,451,0.249,20.9,20.25,19.83,99.01,0.37,2.32,1.17,8.75,560366288.1,245335
F2,640,823.333,255.813,429,0.325,21.07,20.04,19.83,112.25,0.37,2.32,1.34,8.75,560366288.1,245335
F2,1416,193.155,727.949,430,0.269,22.86,21.6,20.22,105.58,0.37,2.33,1.7,8.75,558930760.4,243724
F2,700,810.154,784.95,200,0.224,21.09,20.4,19.82,77.28,0.37,2.34,1.37,8.74,552547069.6,236693
F2,440,603.394,170.867,529,0.363,21.49,20.29,19.82,83.18,0.37,2.34,1.77,8.74,552547069.6,236693
F2,528,810.748,227.502,389,0.277,21.21,20.48,19.82,108.79,0.37,2.34,1.49,8.74,552547069.6,236693
F2,603,200.621,102.823,412,0.292,21.43,20.52,19.81,110.35,0.37,2.35,1.72,8.73,540924883.2,224432
F2,441,541.1,317.749,474,0.061,21.24,20.11,19.81,9.98,0.37,2.35,1.53,8.73,540924883.2,224432
F2,490,597.413,11.477,428,0.377,21.52,20.59,19.81,116.56,0.37,2.35,1.81,8.73,540924883.2,224432
F2,515,217.426,544.319,457,0.3,20.91,20.2,19.8,104.44,0.38,2.37,1.21,8.72,530103534.6,213326
F2,466,497.668,115.838,467,0.381,21.14,20.87,19.8,108.37,0.38,2.37,1.44,8.72,530103534.6,213326
F2,751,374.288,560.951,398,0.326,21.29,20.22,19.8,114.51,0.38,2.37,1.59,8.72,530103534.6,213326
F2,508,199.389,-20.741,418,0.389,20.94,19.99,19.8,118.48,0.38,2.37,1.24,8.72,530103534.6,213326
F2,663,497.577,237.269,198,0.22,20.97,20.19,19.8,76.71,0.38,2.37,1.27,8.72,530103534.6,213326
F2,1283,13.011,491.855,403,0.435,23.57,22.6,20.39,121.97,0.38,2.38,1.7,8.72,525551621.1,208781
F2,1165,779.517,44.128,686,0.699,23.47,21.54,20.36,27.18,0.38,2.39,1.7,8.72,521771928.3,205098
F2,463,217.575,43.394,458,0.367,20.89,20.17,19.79,109.95,0.38,2.39,1.2,8.72,519770467.5,203181
F2,504,43.53,766.677,426,0.313,21.59,20.63,19.79,111.44,0.38,2.39,1.9,8.72,519770467.5,203181
F2,486,12.504,328.661,477,0.448,20.75,19.97,19.78,108.55,0.38,2.41,1.07,8.71,509638818.3,193829
F2,942,738.35,482.234,469,0.517,22.57,21.43,20.1,113.62,0.39,2.43,1.7,8.7,502381768,187488
F2,1152,815.906,748.255,505,0.512,22.65,21.45,20.12,99.7,0.39,2.43,1.7,8.7,499845204.7,185340
F2,363,191.899,355.583,422,0.452,20.86,19.89,19.77,121.44,0.39,2.43,1.19,8.7,499704660.6,185222
F2,607,140.22,119.771,436,0.147,21.38,20.39,19.77,73.89,0.39,2.43,1.71,8.7,499704660.6,185222
F2,442,185.512,530.924,450,0.344,21.46,20.61,19.77,110.17,0.39,2.43,1.79,8.7,499704660.6,185222
F2,398,382.47,153.388,493,0.392,21.42,20.38,19.77,100.1,0.39,2.43,1.75,8.7,499704660.6,185222
F2,532,787.989,400.477,452,0.366,21.01,20.01,19.77,111.36,0.39,2.43,1.34,8.7,499704660.6,185222
F2,422,45.001,693.969,468,0.499,21.43,20.73,19.77,113.37,0.39,2.43,1.76,8.7,499704660.6,185222
F2,820,608.691,220.076,511,0.625,22.11,21.49,19.97,99.42,0.39,2.44,1.7,8.7,496622669.4,182664
F2,475,388.723,379.739,458,0.327,20.78,19.92,19.76,106.83,0.39,2.45,1.12,8.69,489964145,177314
F2,543,446.794,197.546,409,0.315,21.21,20.36,19.76,113.1,0.39,2.45,1.55,8.69,489964145,177314
F2,395,105.867,375.836,445,0.197,20.93,20.16,19.76,89.43,0.39,2.45,1.27,8.69,489964145,177314
F2,465,834.136,505.911,449,0.298,21,20.04,19.76,106.02,0.39,2.45,1.34,8.69,489964145,177314
F2,514,621.504,185.202,456,0.336,21.09,20.32,19.75,108.11,0.39,2.47,1.44,8.68,480413496.8,170060
F2,679,672.37,757.677,465,0.339,21.95,20.86,19.91,105.99,0.4,2.48,1.7,8.68,475217953.8,166318
F2,654,75.946,540.901,375,0.281,21.06,20.07,19.74,108.61,0.4,2.49,1.42,8.67,471049015,163417
F2,436,550.447,731.093,470,0.397,21.32,20.61,19.74,108.4,0.4,2.49,1.68,8.67,471049015,163417
F2,452,266.825,166.526,449,0.335,21.63,20.72,19.74,109.64,0.4,2.49,1.99,8.67,471049015,163417
F2,429,353.452,442.537,361,0.265,20.95,20.1,19.74,105.03,0.4,2.49,1.31,8.67,471049015,163417
F2,594,250.736,727.544,197,0.248,20.78,20.03,19.74,80.99,0.4,2.49,1.14,8.67,471049015,163417
F2,517,711.276,414.502,466,0.463,21.82,21,19.87,112.69,0.4,2.5,1.7,8.67,469506111.7,162367
F2,625,216.687,846.436,461,0.309,21.76,20.71,19.85,104.37,0.4,2.51,1.7,8.67,464951239.7,159337
F2,1098,683.389,648.228,440,0.495,22.42,21.55,20.03,120.39,0.4,2.51,1.7,8.67,464428529.2,158996
F2,542,854.465,430.49,457,0.436,21.84,20.83,19.87,114.09,0.4,2.51,1.7,8.67,462603665.9,157817
F2,289,624.248,201.533,497,0.644,21.16,20.87,19.73,105.99,0.4,2.51,1.53,8.66,461867070.8,157345
F2,410,38.202,496.561,462,0.37,21.22,20.38,19.73,109.09,0.4,2.51,1.59,8.66,461867070.8,157345
F2,665,612.844,108.361,397,0.51,22.41,21.18,20.02,125.16,0.4,2.53,1.7,8.66,455375635.2,153311
F2,389,804.286,348.623,447,0.316,21.24,20.54,19.72,108.32,0.4,2.53,1.62,8.66,452864106.1,151806
F2,425,191.625,365.705,483,0.299,21.49,20.51,19.72,96.87,0.4,2.53,1.87,8.66,452864106.1,151806
F2,529,446.288,331.541,750,0.498,21.18,20.28,19.72,28.68,0.4,2.53,1.56,8.66,452864106.1,151806
F2,352,26.321,178.747,268,0.634,19.84,19.06,19.72,105.82,0.4,2.53,0.22,8.66,452864106.1,151806
F2,766,578.61,714.755,487,0.526,22.87,21.19,20.14,107.52,0.41,2.54,1.7,8.65,448344586.2,149177
F2,415,557.163,429.572,465,0.128,20.99,20.02,19.71,61.09,0.41,2.55,1.38,8.65,444036632.1,146764
F2,408,489.302,607.923,468,0.428,20.88,19.97,19.71,110.59,0.41,2.55,1.27,8.65,444036632.1,146764
F2,432,735.275,52.508,451,0.315,20.68,19.78,19.71,107.37,0.41,2.55,1.07,8.65,444036632.1,146764
F2,326,18.559,274.274,485,0.554,20.6,19.89,19.71,109.01,0.41,2.55,0.99,8.65,444036632.1,146764
F2,546,487.03,631.01,455,0.371,21.59,20.42,19.71,110.98,0.41,2.55,1.98,8.65,444036632.1,146764
F2,448,612.347,301.497,473,0.275,20.74,19.92,19.71,97.28,0.41,2.55,1.13,8.65,444036632.1,146764
F2,2488,565.277,368.955,510,0.635,24.61,22.21,20.61,43.91,0.41,2.56,1.7,8.64,441546249.3,145409
F2,620,373.103,646.696,462,0.389,21.84,20.64,19.85,110.28,0.41,2.57,1.7,8.64,438206373.6,143640
F2,447,503.621,655.923,455,0.341,21.51,20.42,19.7,108.76,0.41,2.58,1.91,8.64,435381228,142184
F2,458,376.22,655.209,416,0.282,21.3,20.53,19.7,108.81,0.41,2.58,1.7,8.64,435381228,142184
F2,357,783.957,585.89,469,0.383,20.88,19.98,19.7,107.89,0.41,2.58,1.28,8.64,435381228,142184
F2,518,288.647,647.864,554,0.531,21.19,20.58,19.7,76.37,0.41,2.58,1.59,8.64,435381228,142184
F2,1234,127.027,561.476,510,0.574,23.35,22.26,20.26,98.93,0.41,2.58,1.7,8.64,434932528.8,141957
F2,677,535.476,226.278,455,0.472,22.29,21.14,19.97,116.13,0.41,2.58,1.7,8.64,434647233.8,141812
F2,616,74.593,149.486,456,0.333,21.89,20.7,19.86,107.85,0.41,2.58,1.7,8.64,433873804.5,141423
F2,511,559.647,843.494,434,0.32,21.75,20.81,19.82,111.05,0.41,2.58,1.7,8.64,431845034.2,140416
F2,503,791.055,118.358,439,0.264,21.28,20.39,19.69,103.54,0.41,2.6,1.69,8.63,426894539.8,138037
F2,392,231.989,714.767,470,0.367,20.72,19.81,19.69,106.58,0.41,2.6,1.13,8.63,426894539.8,138037
F2,496,442.349,576.357,450,0.169,21.42,20.35,19.69,80.37,0.41,2.6,1.83,8.63,426894539.8,138037
F2,454,875.939,35.79,473,0.297,21.3,20.46,19.69,99.8,0.41,2.6,1.71,8.63,426894539.8,138037
F2,445,553.145,180.724,454,0.466,21.85,20.87,19.84,116.15,0.42,2.61,1.7,8.63,423347900.2,136403
F2,455,409.322,736.005,483,0.273,21.18,20.11,19.68,93.98,0.42,2.62,1.6,8.62,418573278.7,134293
F2,338,774.833,518.023,501,0.369,20.8,19.87,19.68,95.67,0.42,2.62,1.22,8.62,418573278.7,134293
F2,639,449.303,20.019,453,0.145,21.98,20.55,19.87,70.82,0.42,2.62,1.7,8.62,417045855.9,133640
F2,299,358.945,470.513,430,0.377,21.31,20.42,19.67,116.28,0.42,2.64,1.74,8.61,410414220.2,130924
F2,319,241.857,410.714,446,0.371,20.72,20.03,19.65,113.04,0.43,2.68,1.17,8.6,394570125.5,125214
F2,343,29.215,391.401,501,0.529,20.65,19.91,19.64,101.89,0.43,2.7,1.11,8.59,386878949.6,122826
F2,419,375.338,596.128,428,0.19,21.07,20.26,19.63,89.8,0.44,2.73,1.54,8.58,379337694.2,120723
F2,427,263.874,41.438,439,0.307,20.97,19.95,19.62,108.91,0.44,2.75,1.45,8.57,371943437.1,118885
F2,1295,659.53,568.547,328,0.458,23.03,21.54,20.11,114.84,0.44,2.76,1.7,8.56,367163008.7,117812
F2,467,219.42,287.679,489,0.615,22.38,21.42,19.93,108.78,0.44,2.77,1.7,8.56,364864281.5,117328
F2,577,10.39,631.845,479,0.556,21.38,20.29,19.61,111.29,0.44,2.77,1.87,8.56,364693312.9,117293
F2,450,405.718,554.259,484,0.398,21.82,20.64,19.77,103.77,0.45,2.79,1.7,8.55,358087655.8,116022
F2,348,880.854,305.11,511,0.35,20.58,19.83,19.6,90.38,0.45,2.79,1.08,8.55,357584512,115932
F2,390,765.461,395.915,490,0.376,21.05,20.39,19.6,100.35,0.45,2.79,1.55,8.55,357584512,115932
F2,954,168.503,285.342,421,0.369,22.31,20.57,19.9,116.83,0.45,2.8,1.7,8.55,354281447.2,115365
F2,551,376.536,391.737,730,0.862,22.22,20.88,19.87,27.22,0.45,2.82,1.7,8.54,349138426.3,114565
F2,375,328.261,403.974,434,0.179,20.72,19.76,19.58,85.86,0.45,2.84,1.24,8.54,343779915.1,113836
F2,307,482.659,165.534,444,0.211,21.01,19.89,19.58,92.99,0.45,2.84,1.53,8.54,343779915.1,113836
F2,272,725.302,96.781,687,0.369,20.54,19.73,19.57,24.62,0.46,2.86,1.07,8.53,337078769.6,113072
F2,393,222.743,659.931,503,0.321,21.29,20.55,19.56,91.58,0.46,2.89,1.83,8.52,330508246.5,112479
F2,324,891.658,765.781,487,0.316,20.98,20.51,19.56,97.11,0.46,2.89,1.52,8.52,330508246.5,112479
F2,256,236.027,677.916,474,0.396,21.05,19.92,19.56,107.08,0.46,2.89,1.59,8.52,330508246.5,112479
F2,487,215.93,745.931,512,0.432,21.68,20.8,19.7,94.02,0.46,2.89,1.7,8.52,328592979.2,112334
F2,313,65.465,671.823,468,0.34,21.02,20.21,19.55,105.22,0.46,2.91,1.57,8.51,324065799.6,112042
F2,233,596.11,808.644,488,0.54,21.03,19.74,19.55,107.5,0.46,2.91,1.58,8.51,324065799.6,112042
F2,664,624.931,400.023,492,0.538,22.74,21.41,19.98,105.86,0.47,2.93,1.7,8.51,320020692,111840
F2,231,811.27,254.707,461,0.524,21.39,20.4,19.53,116.26,0.47,2.96,1.96,8.49,311555197,111587
F2,372,523.553,598.487,483,0.462,22.06,20.99,19.78,106.97,0.47,2.97,1.7,8.49,308012527.1,111548
F2,1776,337.907,-7.156,370,0.607,24.74,22.21,20.51,126.48,0.47,2.98,1.7,8.49,305854679.9,111543
F2,183,118.156,302.625,655,0.405,20.76,19.66,19.52,31.17,0.47,2.98,1.34,8.48,305482193.2,111543
F2,373,603.818,657.368,490,0.611,22.17,21.25,19.8,108.3,0.48,3.01,1.7,8.48,299724172.6,111600
F2,420,528.382,34.913,492,0.622,21.96,21.04,19.74,107.7,0.48,3.01,1.7,8.47,297624391.2,111644
F2,259,891.108,292.001,463,0.368,20.45,19.52,19.5,108.68,0.48,3.03,1.05,8.47,293689013.2,111757
F2,258,23.309,678.35,193,0.257,20.67,19.93,19.5,82.43,0.48,3.03,1.27,8.47,293689013.2,111757
F2,302,398.003,141.525,444,0.353,20.88,19.79,19.49,112.14,0.49,3.06,1.49,8.46,287964266.9,111990
F2,276,308.469,327.348,492,0.306,20.51,19.7,19.48,94.44,0.49,3.08,1.13,8.45,282351110.4,112289
F2,282,433.087,63.769,464,0.373,20.97,19.93,19.47,108.73,0.49,3.11,1.6,8.44,276847368.6,112641
F2,397,753.563,17.565,503,0.442,21.75,20.76,19.65,98.31,0.5,3.13,1.7,8.44,272470632.6,112957
F2,262,629.264,657.023,521,0.588,21.79,20.47,19.66,94.02,0.5,3.13,1.7,8.43,271781899.7,113009
F2,285,564.71,488.882,506,0.386,21.22,20.38,19.46,94.55,0.5,3.13,1.86,8.43,271450908.8,113034
F2,148,850.071,-34.921,494,0.526,21.2,99.99,19.46,104.74,0.5,3.13,1.84,8.43,271450908.8,113034
F2,322,466.585,163.313,443,0.239,21.03,19.91,19.46,98.81,0.5,3.13,1.67,8.43,271450908.8,113034
F2,273,217.894,526.151,419,0.278,20.66,19.57,19.46,108.03,0.5,3.13,1.3,8.43,271450908.8,113034
F2,274,829.01,545.445,212,0.281,20.9,20.24,19.45,84.44,0.5,3.16,1.55,8.43,266159639.7,113453
F2,269,7.301,183.796,437,0.238,21.17,20.28,19.44,99.6,0.5,3.18,1.83,8.42,260971510.9,113885
F2,255,78.276,117.655,458,0.356,20.98,20,19.44,109.18,0.5,3.18,1.64,8.42,260971510.9,113885
F2,346,608.595,215.089,549,0.605,21.6,21.53,19.58,80.18,0.51,3.23,1.7,8.4,251886400.3,114651
F2,157,257.797,-11.193,500,0.507,20.45,19.59,19.42,101.72,0.51,3.24,1.13,8.4,250896671.6,114732
F2,140,500.951,593.051,602,0.565,20.49,19.47,19.4,52.95,0.52,3.29,1.19,8.38,241210772.8,115464
F2,240,563.219,365.034,500,0.265,21,20.07,19.4,87.17,0.52,3.29,1.7,8.38,241210772.8,115464
F2,204,832.484,675.812,489,0.332,21.22,20.09,19.4,97.73,0.52,3.29,1.92,8.38,241210772.8,115464
F2,214,60.696,435.243,658,0.931,21.04,20.21,19.39,33.56,0.52,3.32,1.75,8.37,236508960.9,115752
F2,438,394.952,609.696,460,0.406,22.11,20.62,19.69,111.79,0.52,3.34,1.7,8.37,232595452.8,115941
F2,224,483.74,722.181,460,0.219,20.86,19.85,19.38,91.61,0.52,3.34,1.58,8.37,231898799.3,115970
F2,268,617.266,11.399,502,0.33,21.03,20.12,19.38,92.67,0.52,3.34,1.75,8.37,231898799.3,115970
F2,430,150.273,309.684,492,0.535,21.94,21.03,19.64,105.79,0.53,3.35,1.7,8.36,230382135.7,116024
F2,208,691.197,210.117,485,0.288,20.55,19.61,19.37,95.06,0.53,3.37,1.28,8.36,227378501.5,116104
F2,210,789.583,543.906,493,0.329,21.14,20.16,19.37,96.04,0.53,3.37,1.87,8.36,227378501.5,116104
F2,197,100.756,704.343,461,0.366,20.35,19.45,19.35,109.09,0.53,3.43,1.1,8.34,218600524.7,116073
F2,124,51.28,179.498,313,1.191,19.95,19.74,19.35,122.66,0.53,3.43,0.7,8.34,218600524.7,116073
F2,257,614.979,263.849,477,0.462,21.51,20.26,19.5,109.1,0.54,3.45,1.7,8.33,215462807.8,115945
F2,219,329.618,569.642,541,0.361,21.45,20.08,19.48,77.49,0.54,3.45,1.7,8.33,214568692.6,115896
F2,237,693.643,383.014,492,0.394,20.88,19.99,19.34,100.59,0.54,3.45,1.64,8.33,214422892.4,115888
F2,156,679.925,778.012,496,0.455,20.25,19.46,19.34,101.7,0.54,3.45,1.01,8.33,214422892.4,115888
F2,1061,224.933,56.899,474,0.408,23.54,21.61,20.05,107.71,0.54,3.45,1.7,8.33,214242923,115877
F2,1450,342.254,598.411,566,0.659,24.42,21.83,20.29,71.99,0.54,3.46,1.7,8.33,214105904.9,115869
F2,164,744.544,648.632,534,0.475,21.21,20.08,19.33,85.13,0.54,3.46,1.98,8.33,212629980.8,115769
F2,238,791.968,662.156,451,0.296,20.7,19.66,19.33,105.37,0.54,3.46,1.47,8.33,212629980.8,115769
F2,312,479.483,204.81,594,0.459,21.43,20.43,19.46,55.09,0.54,3.48,1.7,8.32,210995433,115638
F2,309,702.863,824.379,483,0.348,21.43,20.4,19.46,101.04,0.54,3.48,1.7,8.32,210995433,115638
F2,177,526.51,8.394,557,0.364,20.35,19.66,19.32,70.01,0.54,3.48,1.13,8.32,210852060.8,115626
F2,416,428.793,781.882,561,0.55,22.69,21.11,19.8,73.11,0.54,3.48,1.7,8.32,209918316.6,115540
F2,173,66.678,695.443,1229,0.511,20.97,20,19.31,858.77,0.54,3.49,1.76,8.32,209089007,115457
F2,631,867.045,551.661,547,0.542,22.83,21.21,19.82,80.16,0.55,3.51,1.7,8.31,205533025.4,115031
F2,167,679.25,59.629,490,0.35,20.48,19.69,19.28,98.69,0.55,3.53,1.3,8.31,203887804.8,114793
F2,597,137.681,476.851,622,0.272,22.64,21.46,19.76,37.71,0.55,3.53,1.7,8.31,203627097.1,114753
F2,471,654.271,480.82,511,0.583,22.62,21.25,19.74,98.65,0.55,3.55,1.7,8.3,200236050.2,114164
F2,166,538.063,121.359,466,0.301,20.3,19.34,19.24,102.22,0.55,3.58,1.16,8.29,197153572,113518
F2,296,843.817,426.917,557,0.554,22.52,20.89,19.69,75.24,0.56,3.59,1.7,8.29,195059988.8,113015
F2,169,298.943,642.226,554,0.327,21.08,20.1,19.22,69.55,0.56,3.6,1.96,8.29,193870330.2,112705
F2,154,834.447,691.914,465,0.205,20.89,19.94,19.2,87.44,0.56,3.63,1.79,8.28,190641764.9,111771
F2,1045,547.012,590.337,479,0.653,24.13,21.99,20.11,113.32,0.56,3.63,1.7,8.28,190580793.1,111752
F2,194,587.021,98.805,522,0.467,21.49,20.3,19.38,90.66,0.56,3.64,1.7,8.28,188753131.3,111160
F2,199,229.905,503.969,556,0.257,20.69,19.79,19.18,63.41,0.56,3.65,1.61,8.27,187466965.7,110715
F2,112,42.165,180.308,300,1.128,21.18,99.99,19.25,118.91,0.57,3.72,1.7,8.25,179135122.5,107239
F2,141,789.272,224.574,569,0.249,20.45,19.65,19.12,57.09,0.57,3.73,1.43,8.25,178256284.5,106810
F2,137,802.342,660.341,430,0.186,20.33,19.38,19.08,88.43,0.58,3.78,1.35,8.24,172368638,103605
F2,106,34.529,166.407,438,1.167,19.73,20.56,19.07,130.81,0.58,3.79,0.76,8.23,170927365.9,102731
F2,182,206.565,721.171,478,0.391,21.34,20.44,19.25,105.48,0.58,3.8,1.7,8.23,170306563.2,102344
F2,104,875.231,67.293,622,0.381,20.9,19.6,19.06,41.46,0.58,3.81,1.94,8.23,169498145.2,101830
F2,226,89.463,42.892,698,0.353,21.53,20.22,19.29,23.44,0.58,3.82,1.7,8.23,167973379.5,100830
F2,111,586.548,279.567,486,0.367,20.52,19.62,18.94,101.27,0.6,3.97,1.68,8.19,153251646.8,89099
F2,143,613.78,471.722,522,0.639,21.96,20.16,19.32,94.39,0.6,3.98,1.7,8.18,151812317.5,87756
F2,118,736.158,751.081,645,0.337,21.1,19.82,19.02,32.62,0.61,4.12,1.25,8.15,140473927.7,75953
F2,178,687.346,575.031,689,0.846,22.28,20.89,19.22,27.27,0.67,4.71,1.25,8.03,107248847.1,32363
F2,61,591.542,445.812,696,0.18,19.67,18.66,18.41,17.82,0.76,5.78,1.36,7.85,70663378.87,5212
F2,75,33.955,173.506,158,1.141,21.5,18.95,18.41,113.32,1.13,13.64,1.25,7.21,16107489.35,4808
