Field,[RMS2003],xpos,ypos,Per (days),A (mag),Jsmag,Hmag,<Ks>mag,prob,log_m,Mass (M_Solar),jks_008,log_t,age_008 (years),delta_t (years),J-Ks,Mass,Kcor_008,age_008,delta_t
F1,10375,623.502,566.5,138,0.684,24.01,23.7,22.91,72.43,-0.3363999999999998,0.46,1.2000000000000028,11.062673199999999,115524000000.0,3184,1.2000000000000028,0.4608928809808955,22.75,115524261252.56433,3183.8099226056906
F1,9271,482.027,808.044,120,0.644,24.36,23.13,22.82,76.81,-0.32019999999999993,0.48,1.6400000000000006,11.0098126,102285000000.0,3757,1.6400000000000006,0.47840972576468,22.66,102285153205.7462,3757.1167531702094
F1,7432,709.054,98.738,83,1.133,24.03,22.75,22.8,57.51,-0.3166,0.48,1.3300000000000018,10.9980658,99555624275.0,3902,1.3300000000000018,0.48239189243271535,22.64,99555624275.04684,3901.9770310173
F1,7608,695.119,51.824,71,1.197,24.2,23.57,22.6,47.61,-0.28060000000000007,0.52,1.6999999999999993,10.8805978,75962246494.0,5810,1.6999999999999993,0.5240829125640291,22.44,75962246493.5007,5809.94846892636
F1,5333,389.254,296.955,268,1.41,24.3,22.83,22.59,28.92,-0.2787999999999998,0.53,1.8100000000000023,10.8747244,74941848309.0,5932,1.8100000000000023,0.5262595620803183,22.43,74941848308.9799,5932.11762037097
F1,7740,751.847,22.71,114,0.806,24.03,99.99,22.57,67.75,-0.2751999999999999,0.53,1.5600000000000023,10.862977599999999,72941988733.0,6186,1.5600000000000023,0.530640019194775,22.41,72941988733.38754,6185.742402071367
F1,8319,28.685,532.373,136,0.612,23.76,22.94,22.54,76.69,-0.2697999999999997,0.54,1.3200000000000038,10.8453574,70041816376.0,6591,1.3200000000000038,0.5372791656065101,22.38,70041816375.67657,6590.663294134057
F1,6710,858.503,549.942,86,1.02,23.09,23.58,22.53,61.68,-0.268,0.54,0.6600000000000001,10.839484,69100947121.0,6733,0.6600000000000001,0.5395106225151276,22.37,69100947120.62665,6732.5204118166475
F1,8575,455.378,425.579,236,0.871,23.71,22.93,22.49,49.46,-0.2607999999999996,0.55,1.3200000000000038,10.815990399999999,65462170361.0,7337,1.3200000000000038,0.5485295139412036,22.33,65462170361.44478,7336.896231577358
F1,7098,567.725,655.871,85,0.85,23.69,23.11,22.46,69.95,-0.25540000000000007,0.56,1.3300000000000018,10.7983702,62859395468.0,7832,1.3300000000000018,0.55539248624348,22.3,62859395467.93396,7831.835513689155
F1,6514,521.932,816.652,105,0.695,23.84,23.3,22.35,75.84,-0.23560000000000003,0.58,1.5899999999999999,10.7337628,54170494488.0,10006,1.5899999999999999,0.581299567725388,22.19,54170494487.56618,10005.952298288565
F1,7219,394.372,341.06,84,0.54,23.36,22.18,22.31,81.75,-0.22839999999999971,0.59,1.1500000000000021,10.710269199999999,51317938270.0,10961,1.1500000000000021,0.5910170366102442,22.15,51317938269.62264,10960.895366770457
F1,5906,513.17,810.87,207,0.746,23.43,22.33,22.11,61.38,-0.19239999999999968,0.64,1.4200000000000017,10.592801199999998,39156259677.0,17542,1.4200000000000017,0.6420960525675947,21.95,39156259676.55535,17542.319475121738
F1,5340,346.614,200.477,152,0.868,24.56,22.69,22.3,57.49,-0.19126311688311604,0.64,1.6,10.589091550389607,38823219771.0,17811,2.3599999999999994,0.6437791143998708,21.66405,38823219770.72479,17811.06495719342
F1,6480,845.449,630.594,225,0.803,23.41,22.43,22.1,55.63,-0.1906000000000001,0.64,1.4100000000000001,10.5869278,38630275018.0,17970,1.4100000000000001,0.6447628406439208,21.94,38630275017.97908,17969.874717021183
F1,5123,572.458,659.62,70,0.948,23.64,23.08,22.1,64.12,-0.1906000000000001,0.64,1.6400000000000006,10.5869278,38630275018.0,17970,1.6400000000000006,0.6447628406439208,21.94,38630275017.97908,17969.874717021183
F1,3545,899.173,0.91,149,0.257,23.6,99.99,22.07,53.1,-0.1851999999999998,0.65,1.6300000000000026,10.569307599999998,37094335873.0,19322,1.6300000000000026,0.6528298441586144,21.91,37094335873.41548,19321.574009123644
F1,4980,388.986,69.78,85,0.453,23.17,22.7,22.02,79.11,-0.1761999999999997,0.67,1.2500000000000036,10.5399406,34668942926.0,21824,1.2500000000000036,0.6664997640442611,21.86,34668942926.40667,21823.62117491232
F1,6733,475.878,385.235,567,1.147,23.51,23.23,21.99,13.47,-0.17079999999999962,0.67,1.6200000000000045,10.522320399999998,33290506285.0,23489,1.6200000000000045,0.6748387308707577,21.83,33290506285.28707,23489.49150407131
F1,5266,714.185,407.121,133,0.484,23.14,21.99,21.97,79.1,-0.16719999999999957,0.68,1.2700000000000031,10.510573599999999,32402132976.0,24675,1.2700000000000031,0.6804559249946387,21.81,32402132976.205486,24674.878885346454
F1,4919,813.52,332.95,252,0.655,22.94,22.37,21.97,67.2,-0.16719999999999957,0.68,1.0700000000000038,10.510573599999999,32402132976.0,24675,1.0700000000000038,0.6804559249946387,21.81,32402132976.205486,24674.878885346454
F1,5225,97.012,404.027,116,0.486,22.5,22.27,21.96,80.13,-0.1654,0.68,0.6400000000000006,10.5047002,31966876264.0,25291,0.6400000000000006,0.6832820313691989,21.8,31966876263.9604,25291.209740957136
F1,4237,119.598,678.105,270,0.719,23.23,22.44,21.9,61.81,-0.15459999999999963,0.7,1.4300000000000033,10.4694598,29475406281.0,29347,1.4300000000000033,0.7004868712316831,21.74,29475406280.61675,29347.12569899065
F1,4052,523.697,838.905,144,0.962,24.46,22.81,22.12,53.07,-0.15177844155843978,0.71,1.6,10.46025305480519,28857124609.0,30516,2.4400000000000013,0.7050526649026622,21.43395,28857124609.26379,30515.589870552376
F1,4098,103.0,615.344,89,0.589,23.27,21.65,21.88,81.32,-0.15099999999999958,0.71,1.490000000000002,10.457712999999998,28688840766.0,30846,1.490000000000002,0.7063175542629626,21.72,28688840765.822754,30846.449836515203
F1,4374,806.535,341.542,138,0.356,22.84,21.91,21.75,70.23,-0.12759999999999994,0.75,1.1900000000000013,10.3813588,24063500273.0,42745,1.1900000000000013,0.7454182133789905,21.59,24063500272.64206,42744.87229007859
F1,4211,519.771,822.923,574,0.755,22.04,21.71,21.73,24.16,-0.12399999999999989,0.75,0.41000000000000014,10.369612,23421354095.0,44957,0.41000000000000014,0.7516228940182057,21.57,23421354094.92711,44957.344775697304
F1,4795,424.331,-17.963,256,1.59,23.38,23.03,21.72,33.27,-0.12219999999999964,0.75,1.7600000000000016,10.363738599999998,23106735869.0,46107,1.7600000000000016,0.7547445749001345,21.56,23106735869.41775,46107.054074072905
F1,3586,51.917,654.58,308,0.362,22.74,22.11,21.63,68.98,-0.10599999999999965,0.78,1.2100000000000009,10.310877999999999,20458698397.0,57894,1.2100000000000009,0.7834296427662124,21.47,20458698396.87586,57894.480006954494
F1,4036,681.597,88.905,166,0.763,24.56,24.1,21.98,63.49,-0.10532441558441374,0.78,1.6,10.308673568051942,20355115361.0,58447,2.6799999999999997,0.7846492869452633,21.14365,20355115361.00273,58447.24951411943
F1,2860,206.907,513.45,172,0.358,22.3,21.85,21.57,68.94,-0.09519999999999995,0.8,0.8300000000000018,10.2756376,18864165589.0,67392,0.8300000000000018,0.8031561699226569,21.41,18864165589.44103,67391.79428343142
F1,3515,565.427,841.839,178,0.379,23.41,24.46,21.54,70.86,-0.08979999999999966,0.81,1.9700000000000024,10.258017399999998,18114126654.0,72706,1.9700000000000024,0.8132049246541537,21.38,18114126653.79102,72705.9965817053
F1,2927,264.14,316.748,458,0.312,22.65,21.67,21.5,51.87,-0.08259999999999978,0.83,1.25,10.2345238,17160257484.0,80439,1.25,0.8267991091178711,21.34,17160257483.725668,80439.44609506187
F1,2900,161.874,584.081,456,0.256,22.57,21.62,21.48,43.68,-0.07899999999999996,0.83,1.1900000000000013,10.222776999999999,16702327689.0,84603,1.1900000000000013,0.8336811846196344,21.32,16702327688.520084,84603.29316198542
F1,2050,54.552,767.989,418,0.821,23.15,99.99,21.48,46.61,-0.07899999999999996,0.83,1.7699999999999996,10.222776999999999,16702327689.0,84603,1.7699999999999996,0.8336811846196344,21.32,16702327688.520084,84603.29316198542
F1,2872,576.165,524.68,125,0.245,22.91,21.52,21.45,50.84,-0.07359999999999967,0.84,1.5600000000000023,10.2051568,16038243395.0,91246,1.5600000000000023,0.8441118555927692,21.29,16038243394.784554,91246.10089672355
F1,1903,251.772,690.018,226,0.53,22.05,21.87,21.43,73.99,-0.06999999999999984,0.85,0.7200000000000024,10.19341,15610255090.0,95953,0.7200000000000024,0.8511380382023768,21.27,15610255089.819134,95953.24112853414
F1,4712,781.172,313.477,169,0.793,26.58,23.18,22.49,60.83,-0.06340116883116376,0.86,1.6,10.171878013896087,14855183263.0,105197,4.190000000000001,0.8641692948758937,20.7080125,14855183262.660805,105197.48766283944
F1,2266,324.743,541.049,303,0.311,22.09,21.4,21.34,62.36,-0.05379999999999985,0.88,0.8500000000000014,10.1405494,13821316113.0,120187,0.8500000000000014,0.8834866673958574,21.18,13821316112.570948,120186.72119074831
F1,2364,521.966,828.285,244,0.517,21.86,21.51,21.26,74.09,-0.0394000000000001,0.91,0.6999999999999993,10.093562200000001,12404012637.0,146510,0.6999999999999993,0.9132716996648164,21.1,12404012636.501715,146510.3279521619
F1,2093,719.435,768.779,248,0.359,22.09,21.33,21.26,67.77,-0.0394000000000001,0.91,0.9299999999999997,10.093562200000001,12404012637.0,146510,0.9299999999999997,0.9132716996648164,21.1,12404012636.501715,146510.3279521619
F1,2108,722.411,633.752,180,0.2,22.7,22.0,21.25,38.34,-0.037599999999999856,0.92,1.5500000000000007,10.087688799999999,12237389971.0,150157,1.5500000000000007,0.9170647491149323,21.09,12237389971.173534,150156.73853388778
F1,2461,855.807,772.237,193,0.516,24.04,22.38,21.54,75.29,-0.03320909090908897,0.93,1.6,10.073361263636357,11840260667.0,159408,2.6000000000000014,0.9263837089214567,20.753749999999997,11840260667.460514,159408.32114770805
F1,1806,65.875,646.566,231,0.395,21.92,21.24,21.22,70.95,-0.03219999999999956,0.93,0.8000000000000043,10.070068599999999,11750831533.0,161608,0.8000000000000043,0.928538680439702,21.06,11750831532.869232,161607.71481152083
F1,2014,862.1,33.721,468,0.496,23.1,21.63,21.21,59.66,-0.030399999999999983,0.93,1.990000000000002,10.0641952,11592983026.0,165601,1.990000000000002,0.9323951375406332,21.05,11592983026.324972,165600.6017544092
F1,2015,644.197,327.874,191,0.32,21.84,21.08,21.21,63.31,-0.030399999999999983,0.93,0.7300000000000004,10.0641952,11592983026.0,165601,0.7300000000000004,0.9323951375406332,21.05,11592983026.324972,165600.6017544092
F1,1851,227.825,255.322,271,0.303,22.4,21.84,21.17,60.59,-0.02320000000000011,0.95,1.3299999999999983,10.0407016,10982509813.0,182495,1.3299999999999983,0.9479818010107186,21.01,10982509813.387114,182494.87518473214
F1,1840,263.55,751.289,230,0.301,22.09,21.68,21.16,59.84,-0.021399999999999864,0.95,1.0300000000000011,10.0348282,10834982145.0,186957,1.0300000000000011,0.9519190103322857,21.0,10834982145.468275,186957.35836253312
F1,1649,777.55,813.482,232,0.454,22.1,21.49,21.13,73.88,-0.01599999999999957,0.96,1.0700000000000038,10.017207999999998,10404183421.0,200945,1.0700000000000038,0.9638290236239715,20.97,10404183420.889507,200944.87776451424
F1,1671,74.539,825.258,226,0.365,21.98,21.65,21.12,68.33,-0.01419999999999999,0.97,0.9600000000000009,10.0113346,10264424391.0,205813,0.9600000000000009,0.9678320504881599,20.96,10264424391.053518,205813.01955331443
F1,1775,763.695,286.694,217,0.267,21.98,21.53,21.11,53.69,-0.012399999999999745,0.97,0.9700000000000024,10.0054612,10126542739.0,210787,0.9700000000000024,0.9718517029401695,20.95,10126542739.348047,210786.79846074613
F1,1911,865.938,292.732,179,0.315,22.38,21.5,21.08,62.92,-0.006999999999999451,0.98,1.4000000000000021,9.987840999999998,9723911555.0,226359,1.4000000000000021,0.984011105761135,20.919999999999998,9723911554.733854,226358.94358957026
F1,1943,652.101,471.075,206,0.366,21.72,21.2,21.06,68.69,-0.0033999999999996255,0.99,0.7600000000000016,9.976094199999999,9464424258.0,237300,0.7600000000000016,0.9922017758401666,20.9,9464424257.933163,237299.71941593848
F1,1832,105.314,515.071,197,0.414,21.75,20.94,21.05,72.82,-0.0016000000000000458,1.0,0.8000000000000007,9.9702208,9337288980.0,242943,0.8000000000000007,0.9963226419544176,20.89,9337288979.869038,242943.00807004052
F1,1629,768.512,220.448,216,0.277,22.37,21.55,21.05,55.64,-0.0016000000000000458,1.0,1.4200000000000017,9.9702208,9337288980.0,242943,1.4200000000000017,0.9963226419544176,20.89,9337288979.869038,242943.00807004052
F1,1735,511.708,-8.212,202,0.26,22.12,21.43,21.05,52.42,-0.0016000000000000458,1.0,1.1700000000000017,9.9702208,9337288980.0,242943,1.1700000000000017,0.9963226419544176,20.89,9337288979.869038,242943.00807004052
F1,1867,878.28,140.257,250,0.246,22.55,22.14,21.03,49.36,0.0020000000000000018,1.0,1.620000000000001,9.958474,9088118894.0,254584,1.620000000000001,1.0046157902783952,20.87,9088118894.024975,254583.8490707958
F1,1554,164.071,564.966,203,0.488,21.58,20.89,21.02,74.97,0.0038000000000002476,1.01,0.6600000000000001,9.952600599999998,8966038513.0,260585,0.6600000000000001,1.00878821494927,20.86,8966038512.674372,260584.76877313922
F1,1810,606.95,-17.238,304,0.506,22.42,21.51,21.01,74.8,0.005599999999999827,1.01,1.5100000000000016,9.9467272,8845598033.0,266708,1.5100000000000016,1.0129779687601015,20.85,8845598032.791294,266708.25291860953
F1,892,30.38,244.955,370,0.727,22.53,21.35,20.99,59.15,0.009200000000000541,1.02,1.6400000000000041,9.934980399999999,8609548958.0,279330,1.6400000000000041,1.0214097519898506,20.83,8609548958.38384,279329.54836469743
F1,1539,89.59,146.109,204,0.289,22.15,21.74,20.99,57.99,0.009200000000000541,1.02,1.2600000000000016,9.934980399999999,8609548958.0,279330,1.2600000000000016,1.0214097519898506,20.83,8609548958.38384,279329.54836469743
F1,1682,206.538,46.923,206,0.267,22.29,21.25,20.97,53.79,0.012800000000000367,1.03,1.4200000000000017,9.923233599999998,8379798968.0,292461,1.4200000000000017,1.0299117193407,20.81,8379798968.031762,292460.8744981053
F1,1897,357.604,318.509,490,0.471,22.18,21.24,20.97,54.42,0.012800000000000367,1.03,1.3100000000000023,9.923233599999998,8379798968.0,292461,1.3100000000000023,1.0299117193407,20.81,8379798968.031762,292460.8744981053
F1,1670,534.016,605.585,239,0.27,22.29,21.62,20.95,54.29,0.016400000000000192,1.04,1.4400000000000013,9.911486799999999,8156179968.0,306115,1.4400000000000013,1.0384844550082744,20.79,8156179967.621458,306115.12527145055
F1,1177,854.54,771.523,286,0.509,21.72,21.34,20.94,74.56,0.018199999999999994,1.04,0.879999999999999,9.9056134,8046618289.0,313142,0.879999999999999,1.0427975448505062,20.78,8046618289.080323,313142.2952965166
F1,1564,300.273,611.715,267,0.315,21.67,20.91,20.94,62.4,0.018199999999999994,1.04,0.8300000000000018,9.9056134,8046618289.0,313142,0.8300000000000018,1.0427975448505062,20.78,8046618289.080323,313142.2952965166
F1,1513,281.031,309.679,196,0.43,21.9,21.4,20.93,73.72,0.02000000000000024,1.05,1.0700000000000003,9.89974,7938528349.0,320305,1.0700000000000003,1.0471285480509,20.77,7938528348.712222,320304.8905673531
F1,1445,53.525,768.3,256,0.268,22.1,20.92,20.89,54.05,0.032540000000000235,1.08,1.3100000000000023,9.858821979999998,7224735965.0,374085,1.3100000000000023,1.0778045185876415,20.73,7224735964.924722,374084.5651854195
F1,1485,65.611,460.413,214,0.251,21.74,21.38,20.87,50.38,0.035760000000000014,1.09,0.9699999999999989,9.84831512,7052045732.0,389024,0.9699999999999989,1.0858254084909678,20.71,7052045731.929878,389024.31701423187
F1,1416,719.443,827.022,250,0.361,21.64,20.93,20.86,68.0,0.03737000000000035,1.09,0.8800000000000026,9.843061689999999,6967254745.0,396672,0.8800000000000026,1.0898582096887521,20.7,6967254744.793802,396672.3508533628
F1,1396,305.918,295.709,778,0.461,22.24,21.24,20.85,9.68,0.038980000000000015,1.09,1.4899999999999984,9.83780826,6883483251.0,404440,1.4899999999999984,1.0939059888796578,20.69,6883483250.691805,404440.2720643229
F1,1333,705.585,752.688,294,0.431,21.77,20.87,20.82,73.73,0.04381000000000013,1.11,1.0500000000000007,9.82204797,6638163882.0,428471,1.0500000000000007,1.1061397517338802,20.66,6638163881.964211,428471.1637424894
F1,1390,252.473,92.608,251,0.243,21.93,20.95,20.81,48.7,0.04542000000000046,1.11,1.2200000000000024,9.816794539999998,6558349245.0,436726,1.2200000000000024,1.1102480012561573,20.65,6558349245.2306,436726.26574634283
F1,1019,852.987,764.701,294,0.464,21.6,20.76,20.81,74.67,0.04542000000000046,1.11,0.8900000000000041,9.816794539999998,6558349245.0,436726,0.8900000000000041,1.1102480012561573,20.65,6558349245.2306,436726.26574634283
F1,757,193.93,833.109,454,0.571,21.28,20.21,20.79,60.57,0.04864000000000046,1.12,0.5900000000000034,9.806287679999999,6401587411.0,453608,0.5900000000000034,1.1185103316044598,20.63,6401587411.342265,453607.6606993974
F1,1241,252.58,54.482,294,0.455,21.51,20.62,20.79,74.5,0.04864000000000046,1.12,0.8200000000000038,9.806287679999999,6401587411.0,453608,0.8200000000000038,1.1185103316044598,20.63,6401587411.342265,453607.6606993974
F1,1327,320.303,693.92,208,0.202,21.97,21.2,20.76,38.53,0.053469999999999906,1.13,1.3099999999999987,9.79052739,6173442252.0,479866,1.3099999999999987,1.1310192585926546,20.6,6173442252.065941,479866.33715133526
F1,1381,412.053,131.619,264,0.269,22.51,21.58,20.76,54.36,0.053469999999999906,1.13,1.8500000000000014,9.79052739,6173442252.0,479866,1.8500000000000014,1.1310192585926546,20.6,6173442252.065941,479866.33715133526
F1,1394,324.783,739.677,248,0.273,21.98,21.38,20.76,54.94,0.053469999999999906,1.13,1.3200000000000003,9.79052739,6173442252.0,479866,1.3200000000000003,1.1310192585926546,20.6,6173442252.065941,479866.33715133526
F1,1227,123.256,499.771,210,0.302,21.74,21.05,20.76,60.12,0.053469999999999906,1.13,1.0799999999999983,9.79052739,6173442252.0,479866,1.0799999999999983,1.1310192585926546,20.6,6173442252.065941,479866.33715133526
F1,1112,455.042,37.267,282,0.321,21.74,21.15,20.75,63.53,0.05508000000000024,1.14,1.0899999999999999,9.78527396,6099215243.0,488871,1.0899999999999999,1.1352199116489399,20.59,6099215242.985441,488870.9772244983
F1,1291,455.682,392.499,279,0.309,22.08,20.96,20.73,61.68,0.05830000000000024,1.14,1.4499999999999993,9.774767099999998,5953427922.0,507260,1.4499999999999993,1.1436680799117083,20.57,5953427921.966273,507260.3131111088
F1,1356,275.836,724.749,170,0.265,22.0,21.1,20.72,54.18,0.05991000000000035,1.15,1.3800000000000026,9.769513669999998,5881846278.0,516646,1.3800000000000026,1.1479157112219252,20.56,5881846277.499443,516645.6481312846
F1,1048,594.172,346.425,285,0.368,21.79,21.26,20.72,69.25,0.05991000000000035,1.15,1.1700000000000017,9.769513669999998,5881846278.0,516646,1.1700000000000017,1.1479157112219252,20.56,5881846277.499443,516645.6481312846
F1,1232,62.177,65.747,278,0.355,21.71,20.83,20.72,67.78,0.05991000000000035,1.15,1.0900000000000034,9.769513669999998,5881846278.0,516646,1.0900000000000034,1.1479157112219252,20.56,5881846277.499443,516645.6481312846
F1,1143,754.05,659.413,238,0.316,22.07,21.91,20.72,62.21,0.05991000000000035,1.15,1.4500000000000028,9.769513669999998,5881846278.0,516646,1.4500000000000028,1.1479157112219252,20.56,5881846277.499443,516645.6481312846
F1,1053,606.274,349.345,465,0.681,22.9,21.6,20.82,51.78,0.061158969696970766,1.15,1.7,9.765438281878785,5826909620.0,524014,2.1799999999999997,1.1512217064675572,20.55224242424242,5826909619.852773,524014.16798361903
F1,1222,283.927,656.067,253,0.214,21.5,20.72,20.71,41.75,0.06152000000000002,1.15,0.8900000000000006,9.76426024,5811125302.0,526158,0.8900000000000006,1.1521791184133292,20.55,5811125302.1953,526158.4342945546
F1,1242,593.086,698.145,275,0.249,22.03,21.43,20.7,50.35,0.06313000000000035,1.16,1.4300000000000033,9.759006809999999,5741254648.0,535799,1.4300000000000033,1.1564583600782088,20.54,5741254647.7108,535798.8591212028
F1,1216,694.102,639.796,254,0.216,21.74,20.85,20.69,42.27,0.06474000000000002,1.16,1.1499999999999986,9.75375338,5672224090.0,545567,1.1499999999999986,1.1607534950264606,20.53,5672224090.12739,545567.0542729513
F1,1002,438.041,97.386,287,0.339,21.72,21.26,20.68,66.05,0.06635000000000035,1.17,1.1400000000000006,9.74849995,5604023528.0,555463,1.1400000000000006,1.1650645822864105,20.52,5604023528.454748,555463.0938651158
F1,966,852.05,611.405,291,0.445,22.2,21.57,20.67,74.19,0.06796000000000002,1.17,1.629999999999999,9.74324652,5536642983.0,565487,1.629999999999999,1.1693916811056109,20.51,5536642983.152856,565486.9927764724
F1,988,903.969,362.99,261,0.525,22.44,21.5,20.66,73.99,0.06957000000000013,1.17,1.8800000000000026,9.73799309,5470072595.0,575639,1.8800000000000026,1.1737348509516687,20.5,5470072594.671707,575638.7049587354
F1,1082,75.009,169.117,696,0.272,21.93,20.95,20.66,4.53,0.06957000000000013,1.17,1.370000000000001,9.73799309,5470072595.0,575639,1.370000000000001,1.1737348509516687,20.5,5470072594.671707,575638.7049587354
F1,1055,677.455,807.19,250,0.264,21.66,21.04,20.65,53.18,0.07118000000000047,1.18,1.110000000000003,9.732739659999998,5404302622.0,585918,1.110000000000003,1.1780941515130523,20.49,5404302622.008571,585918.1217472889
F1,821,801.008,814.429,311,0.388,21.51,20.49,20.65,71.37,0.07118000000000047,1.18,0.9600000000000044,9.732739659999998,5404302622.0,585918,0.9600000000000044,1.1780941515130523,20.49,5404302622.008571,585918.1217472889
F1,1198,793.095,281.772,306,0.426,22.43,21.55,20.65,73.66,0.07118000000000047,1.18,1.8800000000000026,9.732739659999998,5404302622.0,585918,1.8800000000000026,1.1780941515130523,20.49,5404302622.008571,585918.1217472889
F1,1089,737.949,479.971,160,0.238,21.95,21.0,20.65,48.47,0.07118000000000047,1.18,1.4000000000000021,9.732739659999998,5404302622.0,585918,1.4000000000000021,1.1780941515130523,20.49,5404302622.008571,585918.1217472889
F1,1086,779.232,544.839,272,0.316,22.09,21.09,20.64,62.63,0.07279000000000013,1.18,1.5500000000000007,9.72748623,5339323441.0,596325,1.5500000000000007,1.1824696426999142,20.48,5339323441.282742,596325.0701751513
F1,1202,130.634,718.495,628,0.265,21.87,20.89,20.63,11.97,0.07440000000000047,1.19,1.3400000000000034,9.722232799999999,5275125544.0,606859,1.3400000000000034,1.186861384644921,20.47,5275125544.3270645,606859.3112920875
F1,813,215.885,336.602,308,0.455,21.35,20.62,20.63,74.65,0.07440000000000047,1.19,0.8200000000000038,9.722232799999999,5275125544.0,606859,0.8200000000000038,1.186861384644921,20.47,5275125544.3270645,606859.3112920875
F1,983,140.809,632.952,270,0.349,21.38,20.65,20.63,66.96,0.07440000000000047,1.19,0.8500000000000014,9.722232799999999,5275125544.0,606859,0.8500000000000014,1.186861384644921,20.47,5275125544.3270645,606859.3112920875
F1,787,31.338,245.559,436,0.594,22.36,21.26,20.62,62.65,0.07601000000000013,1.19,1.8399999999999999,9.716979369999999,5211699537.0,617521,1.8399999999999999,1.1912694377040682,20.46,5211699537.296949,617520.538490762
F1,932,395.348,403.649,293,0.401,22.17,21.38,20.62,72.09,0.07601000000000013,1.19,1.6500000000000021,9.716979369999999,5211699537.0,617521,1.6500000000000021,1.1912694377040682,20.46,5211699537.296949,617520.538490762
F1,733,705.344,239.892,315,0.513,21.92,21.54,20.61,74.74,0.07762000000000024,1.2,1.4100000000000037,9.71172594,5149036139.0,628308,1.4100000000000037,1.1956938624575217,20.45,5149036139.295564,628308.3758421142
F1,2104,728.3,354.414,216,0.376,24.72,23.11,21.35,69.49,0.07801065151515463,1.2,1.7,9.71045124410605,5133945382.0,630945,3.469999999999999,1.1967698829494025,20.447573593073574,5133945382.378952,630944.9827836759
F1,838,246.087,213.945,303,0.383,21.36,20.72,20.6,111.67,0.07922999999999991,1.2,0.8599999999999994,9.70647251,5087126181.0,639222,0.8599999999999994,1.2001347197104404,20.44,5087126181.015901,639222.3764419341
F1,1133,579.644,774.993,276,0.187,21.77,20.96,20.6,91.42,0.07922999999999991,1.2,1.2699999999999996,9.70647251,5087126181.0,639222,1.2699999999999996,1.2001347197104404,20.44,5087126181.015901,639222.3764419341
F1,1888,151.663,580.097,445,0.154,24.35,22.8,21.22,21.54,0.07993010606060946,1.2,1.7,9.704188063924231,5060437483.0,644008,3.230000000000004,1.2020709616640346,20.435651515151495,5060437483.017014,644007.5434168121
F1,1159,409.233,469.687,176,0.221,21.98,21.2,20.59,89.86,0.08084000000000024,1.2,1.490000000000002,9.70121908,5025960603.0,650262,1.490000000000002,1.2045920704938202,20.43,5025960603.399045,650262.0207708834
F1,1097,331.354,394.755,277,0.299,21.66,20.62,20.59,102.15,0.08084000000000024,1.2,1.1700000000000017,9.70121908,5025960603.0,650262,1.1700000000000017,1.2045920704938202,20.43,5025960603.399045,650262.0207708834
F1,904,484.146,292.289,286,0.272,21.88,21.1,20.59,101.11,0.08084000000000024,1.2,1.3900000000000006,9.70121908,5025960603.0,650262,1.3900000000000006,1.2045920704938202,20.43,5025960603.399045,650262.0207708834
F1,1254,323.129,308.024,321,0.381,21.94,20.96,20.59,113.89,0.08084000000000024,1.2,1.4500000000000028,9.70121908,5025960603.0,650262,1.4500000000000028,1.2045920704938202,20.43,5025960603.399045,650262.0207708834
F1,1029,864.494,341.648,274,0.335,21.92,21.19,20.58,104.45,0.08245000000000058,1.21,1.4400000000000048,9.695965649999998,4965530456.0,661427,1.4400000000000048,1.209065976065325,20.419999999999998,4965530456.308577,661426.7150700953
F1,1024,501.442,359.19,297,0.205,21.51,20.61,20.58,96.02,0.08245000000000058,1.21,1.0300000000000047,9.695965649999998,4965530456.0,661427,1.0300000000000047,1.209065976065325,20.419999999999998,4965530456.308577,661426.7150700953
F1,942,337.809,155.365,449,0.34,22.01,21.28,20.58,101.17,0.08245000000000058,1.21,1.5300000000000047,9.695965649999998,4965530456.0,661427,1.5300000000000047,1.209065976065325,20.419999999999998,4965530456.308577,661426.7150700953
F1,1064,308.596,749.128,283,0.337,22.08,21.2,20.57,105.87,0.08406000000000025,1.21,1.6099999999999994,9.690712219999998,4905826897.0,672716,1.6099999999999994,1.2135564979101316,20.41,4905826897.221007,672715.7897346967
F1,1017,882.341,628.039,241,0.346,22.05,21.38,20.57,101.13,0.08406000000000025,1.21,1.5800000000000018,9.690712219999998,4905826897.0,672716,1.5800000000000018,1.2135564979101316,20.41,4905826897.221007,672715.7897346967
F1,831,266.563,225.02,290,0.409,21.37,20.92,20.57,111.17,0.08406000000000025,1.21,0.9000000000000021,9.690712219999998,4905826897.0,672716,0.9000000000000021,1.2135564979101316,20.41,4905826897.221007,672715.7897346967
F1,1113,347.323,344.22,182,0.201,22.07,21.3,20.56,87.55,0.08567000000000036,1.22,1.610000000000003,9.685458789999998,4846841190.0,684129,1.610000000000003,1.2180636977417805,20.4,4846841189.931767,684128.4977275253
F1,987,157.953,314.607,261,0.25,21.65,20.64,20.56,95.82,0.08567000000000036,1.22,1.1900000000000013,9.685458789999998,4846841190.0,684129,1.1900000000000013,1.2180636977417805,20.4,4846841189.931767,684128.4977275253
F1,1125,451.718,376.012,307,0.282,21.78,20.75,20.55,104.83,0.08728000000000002,1.22,1.3300000000000018,9.68020536,4788564703.0,695664,1.3300000000000018,1.222587637503013,20.39,4788564703.27697,695664.0130153645
F1,890,809.62,316.646,282,0.306,21.83,21.02,20.55,103.41,0.08728000000000002,1.22,1.379999999999999,9.68020536,4788564703.0,695664,1.379999999999999,1.222587637503013,20.39,4788564703.27697,695664.0130153645
F1,1068,83.742,289.019,346,0.319,22.29,21.45,20.55,111.82,0.08728000000000002,1.22,1.8399999999999999,9.68020536,4788564703.0,695664,1.8399999999999999,1.222587637503013,20.39,4788564703.27697,695664.0130153645
F1,753,628.524,761.19,304,0.298,21.45,20.79,20.55,105.81,0.08728000000000002,1.22,1.0,9.68020536,4788564703.0,695664,1.0,1.222587637503013,20.39,4788564703.27697,695664.0130153645
F1,908,108.452,540.397,445,0.299,21.47,20.56,20.55,99.48,0.08728000000000002,1.22,1.0199999999999996,9.68020536,4788564703.0,695664,1.0199999999999996,1.222587637503013,20.39,4788564703.27697,695664.0130153645
F1,839,563.239,20.287,311,0.375,21.46,20.5,20.55,112.29,0.08728000000000002,1.22,1.0100000000000016,9.68020536,4788564703.0,695664,1.0100000000000016,1.222587637503013,20.39,4788564703.27697,695664.0130153645
F1,870,838.892,828.252,285,0.326,20.82,20.54,20.55,105.36,0.08728000000000002,1.22,0.370000000000001,9.68020536,4788564703.0,695664,0.370000000000001,1.222587637503013,20.39,4788564703.27697,695664.0130153645
F1,880,40.677,-0.487,491,0.586,22.97,21.5,20.73,51.77,0.08832266666666766,1.23,1.7,9.676803138666664,4751198101.0,703200,2.34,1.2255263873262054,20.383523809523805,4751198100.783857,703199.7284726604
F1,1167,176.566,702.62,309,0.338,21.86,20.98,20.54,109.58,0.08889000000000036,1.23,1.4200000000000017,9.674951929999999,4730988910.0,707321,1.4200000000000017,1.2271283793666343,20.38,4730988909.870322,707321.4290302254
F1,1450,331.171,253.491,536,0.606,23.85,22.03,21.0,39.35,0.08899613636364112,1.23,1.7,9.67460560704544,4727217743.0,708094,2.950000000000003,1.2274283114761535,20.353409090909075,4727217743.028724,708094.1827568247
F1,707,511.431,752.32,374,0.458,21.52,20.85,20.51,120.27,0.08992000000000022,1.23,1.1099999999999994,9.67159104,4694518339.0,714843,1.1099999999999994,1.2300421678013675,20.35,4694518339.456388,714842.7651857047
F1,797,706.228,562.504,277,0.35,21.76,21.21,20.51,105.89,0.08992000000000022,1.23,1.3500000000000014,9.67159104,4694518339.0,714843,1.3500000000000014,1.2300421678013675,20.35,4694518339.456388,714842.7651857047
F1,1178,87.904,336.986,331,0.373,22.01,21.45,20.53,114.47,0.09050000000000002,1.23,1.5800000000000018,9.669698499999999,4674105385.0,719100,1.5800000000000018,1.2316859857363551,20.37,4674105384.855543,719099.7571580047
F1,924,725.735,704.143,345,0.408,21.78,21.23,20.53,117.58,0.09050000000000002,1.23,1.3500000000000014,9.669698499999999,4674105385.0,719100,1.3500000000000014,1.2316859857363551,20.37,4674105384.855543,719099.7571580047
F1,735,139.861,121.752,311,0.351,21.32,20.52,20.53,110.75,0.09050000000000002,1.23,0.8900000000000006,9.669698499999999,4674105385.0,719100,0.8900000000000006,1.2316859857363551,20.37,4674105384.855543,719099.7571580047
F1,1115,172.184,215.968,504,0.608,23.68,21.81,20.94,47.59,0.09058987445887823,1.23,1.7,9.66940523964068,4670950228.0,719761,2.84,1.2319409016307725,20.347528138528126,4670950228.185358,719760.7965500335
F1,657,708.216,431.793,486,0.558,22.19,21.49,20.52,93.39,0.09211000000000036,1.24,1.7700000000000031,9.66444507,4617905805.0,730998,1.7700000000000031,1.2362605192476634,20.36,4617905804.673388,730997.9252571308
F1,751,105.709,309.71,298,0.37,21.54,20.9,20.52,110.2,0.09211000000000036,1.24,1.120000000000001,9.66444507,4617905805.0,730998,1.120000000000001,1.2362605192476634,20.36,4617905804.673388,730997.9252571308
F1,911,96.725,45.664,115,0.269,21.77,21.22,20.5,100.43,0.09263000000000066,1.24,1.370000000000001,9.662748309999998,4599899148.0,734866,1.370000000000001,1.2377416351957389,20.34,4599899148.488097,734866.2265367684
F1,1001,238.444,759.722,184,0.248,22.24,21.44,20.5,91.96,0.09263000000000066,1.24,1.8399999999999999,9.662748309999998,4599899148.0,734866,1.8399999999999999,1.2377416351957389,20.34,4599899148.488097,734866.2265367684
F1,793,205.793,127.571,455,0.077,22.55,21.42,20.56,74.62,0.09357263419913675,1.24,1.7,9.659672494608216,4567436252.0,741910,2.0900000000000034,1.2404310654317063,20.336521645021637,4567436252.181013,741909.9529873752
F1,572,831.839,266.819,439,0.587,21.7,20.71,20.49,111.6,0.09534000000000109,1.25,1.3100000000000023,9.653905579999996,4507187031.0,755225,1.3100000000000023,1.2454892975217222,20.33,4507187030.97274,755224.7990178235
F1,648,323.482,229.953,326,0.49,21.33,20.47,20.48,118.98,0.09805000000000019,1.25,0.9499999999999993,9.645062849999999,4416343549.0,775912,0.9499999999999993,1.2532854564562106,20.32,4416343549.368058,775912.2733694168
F1,661,572.238,20.186,349,0.378,21.42,20.85,20.47,116.14,0.10076000000000063,1.26,1.0500000000000043,9.636220119999997,4327331041.0,796922,1.0500000000000043,1.2611304155644603,20.31,4327331040.849958,796921.725115104
F1,847,563.904,47.281,591,0.225,21.79,21.06,20.46,30.92,0.10347000000000017,1.27,1.4299999999999997,9.62737739,4240112602.0,818246,1.4299999999999997,1.2690244803118838,20.3,4240112601.6981263,818245.4973175301
F1,1071,58.112,315.068,303,0.452,21.77,20.98,20.46,114.88,0.10347000000000017,1.27,1.4100000000000001,9.62737739,4240112602.0,818246,1.4100000000000001,1.2690244803118838,20.3,4240112601.6981263,818245.4973175301
F1,1085,175.552,762.948,321,0.483,22.15,21.26,20.46,118.23,0.10347000000000017,1.27,1.7899999999999991,9.62737739,4240112602.0,818246,1.7899999999999991,1.2690244803118838,20.3,4240112601.6981263,818245.4973175301
F1,903,654.386,370.159,173,0.228,22.02,21.13,20.45,90.73,0.10618000000000061,1.28,1.6700000000000017,9.618534659999998,4154652072.0,839875,1.6700000000000017,1.2769679580759714,20.29,4154652071.99582,839875.1844172656
F1,799,398.332,38.844,626,0.238,21.45,20.62,20.45,17.01,0.10618000000000061,1.28,1.1000000000000014,9.618534659999998,4154652072.0,839875,1.1000000000000014,1.2769679580759714,20.29,4154652071.99582,839875.1844172656
F1,985,671.709,132.349,306,0.12,21.67,20.89,20.45,87.37,0.10618000000000061,1.28,1.3200000000000038,9.618534659999998,4154652072.0,839875,1.3200000000000038,1.2769679580759714,20.29,4154652071.99582,839875.1844172656
F1,708,88.775,79.997,302,0.383,21.21,20.38,20.44,111.53,0.10889000000000015,1.28,0.870000000000001,9.609691929999999,4070914021.0,861802,0.870000000000001,1.2849611581582367,20.28,4070914020.63858,861801.6172592258
F1,854,97.899,800.704,237,0.391,21.51,21.55,20.44,103.4,0.10889000000000015,1.28,1.1700000000000017,9.609691929999999,4070914021.0,861802,1.1700000000000017,1.2849611581582367,20.28,4070914020.63858,861801.6172592258
F1,996,451.072,192.105,299,0.357,21.76,20.7,20.44,109.52,0.10889000000000015,1.28,1.4200000000000017,9.609691929999999,4070914021.0,861802,1.4200000000000017,1.2849611581582367,20.28,4070914020.63858,861801.6172592258
F1,745,338.569,126.905,299,0.26,21.4,20.58,20.44,101.79,0.10889000000000015,1.28,1.0599999999999987,9.609691929999999,4070914021.0,861802,1.0599999999999987,1.2849611581582367,20.28,4070914020.63858,861801.6172592258
F1,816,719.942,37.022,172,0.22,22.16,21.26,20.44,90.02,0.10889000000000015,1.28,1.8200000000000003,9.609691929999999,4070914021.0,861802,1.8200000000000003,1.2849611581582367,20.28,4070914020.63858,861801.6172592258
F1,972,145.285,96.698,321,0.224,21.87,21.17,20.43,100.86,0.11160000000000059,1.29,1.5400000000000027,9.600849199999997,3988863731.0,884015,1.5400000000000027,1.293004391796281,20.27,3988863730.6446333,884014.8494130179
F1,930,656.499,229.322,433,0.391,22.09,21.36,20.43,108.79,0.11160000000000059,1.29,1.7600000000000016,9.600849199999997,3988863731.0,884015,1.7600000000000016,1.293004391796281,20.27,3988863730.6446333,884014.8494130179
F1,702,680.365,528.461,379,0.483,21.56,20.87,20.43,120.83,0.11160000000000059,1.29,1.2300000000000004,9.600849199999997,3988863731.0,884015,1.2300000000000004,1.293004391796281,20.27,3988863730.6446333,884014.8494130179
F1,1151,393.95,764.899,313,0.418,21.84,20.76,20.43,114.85,0.11160000000000059,1.29,1.5100000000000016,9.600849199999997,3988863731.0,884015,1.5100000000000016,1.293004391796281,20.27,3988863730.6446333,884014.8494130179
F1,818,820.903,306.009,176,0.218,21.85,20.82,20.43,89.56,0.11160000000000059,1.29,1.5200000000000031,9.600849199999997,3988863731.0,884015,1.5200000000000031,1.293004391796281,20.27,3988863730.6446333,884014.8494130179
F1,449,341.643,462.908,413,0.572,22.3,21.39,20.42,117.97,0.11431000000000013,1.3,1.9800000000000004,9.59200647,3908467185.0,906504,1.9800000000000004,1.3010979721758917,20.26,3908467184.7617364,906504.144893431
F1,706,37.628,472.303,344,0.227,21.65,20.82,20.41,103.11,0.11702000000000057,1.31,1.3399999999999999,9.583163739999998,3829691051.0,929258,1.3399999999999999,1.3092422144432583,20.25,3829691051.363758,929257.9673878562
F1,737,508.883,516.055,371,0.44,21.6,20.89,20.4,119.67,0.119730000000001,1.32,1.3000000000000043,9.574321009999997,3752502671.0,952264,1.3000000000000043,1.3174374357172236,20.24,3752502670.6319222,952263.9710965541
F1,688,215.14,349.738,279,0.355,21.72,21.0,20.4,106.5,0.119730000000001,1.32,1.4200000000000017,9.574321009999997,3752502671.0,952264,1.4200000000000017,1.3174374357172236,20.24,3752502670.6319222,952263.9710965541
F1,910,230.526,829.521,366,0.336,21.79,21.14,20.4,113.74,0.119730000000001,1.32,1.490000000000002,9.574321009999997,3752502671.0,952264,1.490000000000002,1.3174374357172236,20.24,3752502670.6319222,952263.9710965541
F1,564,70.924,715.081,417,0.582,21.23,20.51,20.4,117.17,0.119730000000001,1.32,0.9300000000000033,9.574321009999997,3752502671.0,952264,0.9300000000000033,1.3174374357172236,20.24,3752502670.6319222,952263.9710965541
F1,746,225.747,-14.905,170,0.344,21.6,20.64,20.39,100.6,0.12244000000000055,1.33,1.3100000000000023,9.565478279999999,3676870041.0,975509,1.3100000000000023,1.3256839551016417,20.23,3676870041.014265,975508.9932909382
F1,928,100.283,437.042,319,0.311,21.65,20.65,20.39,108.75,0.12244000000000055,1.33,1.3599999999999994,9.565478279999999,3676870041.0,975509,1.3599999999999994,1.3256839551016417,20.23,3676870041.014265,975508.9932909382
F1,995,582.106,56.439,331,0.351,21.87,21.13,20.38,113.03,0.12515000000000098,1.33,1.5900000000000034,9.556635549999996,3602761806.0,998979,1.5900000000000034,1.3339820936978093,20.22,3602761805.9579983,998979.0486934403
F1,902,549.196,60.902,345,0.412,22.01,21.47,20.38,117.78,0.12515000000000098,1.33,1.730000000000004,9.556635549999996,3602761806.0,998979,1.730000000000004,1.3339820936978093,20.22,3602761805.9579983,998979.0486934403
F1,573,438.028,228.245,345,0.497,21.41,21.08,20.38,120.82,0.12515000000000098,1.33,1.1300000000000026,9.556635549999996,3602761806.0,998979,1.1300000000000026,1.3339820936978093,20.22,3602761805.9579983,998979.0486934403
F1,368,158.315,592.526,401,0.585,21.29,20.39,20.37,119.92,0.12786000000000008,1.34,1.0199999999999996,9.54779282,3530147241.0,1022659,1.0199999999999996,1.3423321746169499,20.21,3530147240.9096746,1022659.3257804397
F1,330,636.715,523.009,511,1.014,22.7,21.44,20.52,72.4,0.12974526839827094,1.35,1.7,9.541641189216442,3480496403.0,1039249,2.280000000000001,1.3481718922956474,20.203043290043283,3480496402.608439,1039248.7442910189
F1,802,773.116,77.463,305,0.203,21.47,20.77,20.36,96.81,0.13057000000000052,1.35,1.2100000000000009,9.538950089999998,3458996241.0,1046534,1.2100000000000009,1.350734522992821,20.2,3458996240.5766993,1046534.1851072429
F1,741,128.502,494.06,418,0.423,21.49,20.89,20.36,113.82,0.13057000000000052,1.35,1.2300000000000004,9.538950089999998,3458996241.0,1046534,1.2300000000000004,1.350734522992821,20.2,3458996240.5766993,1046534.1851072429
F1,809,604.597,582.775,328,0.257,21.65,20.59,20.35,104.9,0.13328000000000007,1.36,1.3999999999999986,9.530107359999999,3389279306.0,1070587,1.3999999999999986,1.3591894659943449,20.19,3389279306.446336,1070587.1597506057
F1,643,856.354,845.953,355,0.358,21.56,99.99,20.34,115.12,0.1359900000000005,1.37,1.3200000000000003,9.521264629999997,3320967535.0,1094801,1.3200000000000003,1.367697332838375,20.18,3320967534.555663,1094800.9579608182
F1,575,214.401,198.591,362,0.393,21.22,20.74,20.34,117.44,0.1359900000000005,1.37,0.9800000000000004,9.521264629999997,3320967535.0,1094801,0.9800000000000004,1.367697332838375,20.18,3320967534.555663,1094800.9579608182
F1,744,904.262,474.976,285,0.325,21.82,21.0,20.33,105.29,0.13870000000000093,1.38,1.5900000000000034,9.512421899999996,3254032604.0,1119157,1.5900000000000034,1.3762584548024948,20.169999999999998,3254032603.5084014,1119157.4681105246
F1,775,188.193,504.862,432,0.163,22.24,21.56,20.34,89.75,0.14119296536796666,1.38,2.0,9.504287354004324,3193650257.0,1141673,2.0,1.384181260642151,20.18,3193650257.37848,1141673.12277232
F1,734,157.074,330.983,363,0.361,21.82,21.21,20.31,115.49,0.14412000000000091,1.39,1.610000000000003,9.494736439999997,3124182821.0,1168222,1.610000000000003,1.3935417995825075,20.15,3124182820.977964,1168222.1247544172
F1,790,126.739,688.708,465,0.8,22.51,23.09,20.42,98.41,0.14484559956710052,1.4,1.7,9.49236880861255,3107197141.0,1174820,2.1900000000000013,1.3958720122237311,20.14732251082251,3107197140.9162927,1174819.6074156796
F1,600,694.275,800.618,344,0.293,21.32,20.71,20.29,109.52,0.1495400000000009,1.41,1.1300000000000026,9.477050979999998,2999514599.0,1217620,1.1300000000000026,1.4110421922620209,20.13,2999514598.707563,1217620.179521758
F1,621,570.552,27.635,199,0.192,21.56,20.74,20.29,86.21,0.1495400000000009,1.41,1.370000000000001,9.477050979999998,2999514599.0,1217620,1.370000000000001,1.4110421922620209,20.13,2999514598.707563,1217620.179521758
F1,581,822.8,526.661,215,0.293,21.8,21.04,20.29,95.57,0.1495400000000009,1.41,1.610000000000003,9.477050979999998,2999514599.0,1217620,1.610000000000003,1.4110421922620209,20.13,2999514598.707563,1217620.179521758
F1,682,361.295,534.566,424,0.481,21.39,20.82,20.28,114.5,0.15225,1.42,1.2100000000000009,9.46820825,2939058632.0,1242391,1.2100000000000009,1.4198746320236735,20.12,2939058631.959749,1242390.531630483
F1,541,384.603,709.448,446,0.406,21.35,20.35,20.28,105.77,0.15225,1.42,1.1700000000000017,9.46820825,2939058632.0,1242391,1.1700000000000017,1.4198746320236735,20.12,2939058631.959749,1242390.531630483
F1,469,744.998,822.162,408,0.515,22.07,20.65,20.28,118.4,0.15225,1.42,1.8900000000000006,9.46820825,2939058632.0,1242391,1.8900000000000006,1.4198746320236735,20.12,2939058631.959749,1242390.531630483
F1,357,757.542,-12.799,627,0.523,21.18,20.35,20.27,19.45,0.15496000000000043,1.43,1.0100000000000016,9.459365519999999,2879821170.0,1267178,1.0100000000000016,1.4287623585744649,20.11,2879821170.338371,1267178.2944851909
F1,668,761.629,384.585,177,0.228,22.07,20.95,20.27,90.47,0.15496000000000043,1.43,1.9000000000000021,9.459365519999999,2879821170.0,1267178,1.9000000000000021,1.4287623585744649,20.11,2879821170.338371,1267178.2944851909
F1,608,227.197,81.82,822,0.288,21.51,20.56,20.27,37.07,0.15496000000000043,1.43,1.3400000000000034,9.459365519999999,2879821170.0,1267178,1.3400000000000034,1.4287623585744649,20.11,2879821170.338371,1267178.2944851909
F1,559,109.478,737.089,458,0.352,21.8,20.78,20.26,98.92,0.15766999999999998,1.44,1.6400000000000006,9.45052279,2821777655.0,1291960,1.6400000000000006,1.4377057179828734,20.1,2821777654.567971,1291959.9645290216
F1,703,801.073,764.353,391,0.351,21.89,21.14,20.26,113.72,0.15766999999999998,1.44,1.7300000000000004,9.45052279,2821777655.0,1291960,1.7300000000000004,1.4377057179828734,20.1,2821777654.567971,1291959.9645290216
F1,652,522.784,730.552,540,0.145,21.68,20.91,20.26,50.11,0.15766999999999998,1.44,1.5199999999999996,9.45052279,2821777655.0,1291960,1.5199999999999996,1.4377057179828734,20.1,2821777654.567971,1291959.9645290216
F1,624,63.818,31.241,555,0.196,21.85,20.73,20.26,46.31,0.15766999999999998,1.44,1.6900000000000013,9.45052279,2821777655.0,1291960,1.6900000000000013,1.4377057179828734,20.1,2821777654.567971,1291959.9645290216
F1,670,437.063,810.658,173,0.193,21.61,20.78,20.26,87.25,0.15766999999999998,1.44,1.4499999999999993,9.45052279,2821777655.0,1291960,1.4499999999999993,1.4377057179828734,20.1,2821777654.567971,1291959.9645290216
F1,632,687.298,541.673,290,0.217,21.97,20.98,20.26,96.37,0.15766999999999998,1.44,1.8099999999999987,9.45052279,2821777655.0,1291960,1.8099999999999987,1.4377057179828734,20.1,2821777654.567971,1291959.9645290216
F1,683,682.074,17.049,411,0.475,22.41,21.52,20.35,117.01,0.1598157099567108,1.44,1.7,9.443521338411253,2776651269.0,1311561,2.16,1.4448265378851184,20.09208225108225,2776651269.370418,1311561.1999856608
F1,641,198.166,560.71,182,0.179,21.24,20.54,20.25,85.31,0.1603800000000004,1.45,1.0899999999999999,9.441680059999998,2764904020.0,1316711,1.0899999999999999,1.4467050584836112,20.09,2764904020.3713274,1316711.3491238372
F1,386,844.386,709.244,450,0.601,21.28,20.33,20.25,108.02,0.1603800000000004,1.45,1.1300000000000026,9.441680059999998,2764904020.0,1316711,1.1300000000000026,1.4467050584836112,20.09,2764904020.3713274,1316711.3491238372
F1,579,83.866,395.534,170,0.237,21.32,20.64,20.24,91.81,0.16309000000000085,1.46,1.1800000000000033,9.432837329999996,2709176688.0,1341408,1.1800000000000033,1.4557607304911626,20.08,2709176688.492844,1341407.5950585161
F1,494,380.188,672.565,403,0.476,21.09,20.42,20.23,118.33,0.1658000000000004,1.46,0.9600000000000009,9.423994599999999,2654572555.0,1366023,0.9600000000000009,1.4648730866134358,20.07,2654572554.9226832,1366023.2198462572
F1,350,895.862,228.496,481,0.67,22.04,20.98,20.23,94.88,0.1658000000000004,1.46,1.9100000000000001,9.423994599999999,2654572555.0,1366023,1.9100000000000001,1.4648730866134358,20.07,2654572554.9226832,1366023.2198462572
F1,410,15.327,271.408,428,0.483,21.21,20.19,20.23,113.58,0.1658000000000004,1.46,1.0800000000000018,9.423994599999999,2654572555.0,1366023,1.0800000000000018,1.4648730866134358,20.07,2654572554.9226832,1366023.2198462572
F1,435,361.769,514.58,357,0.384,21.23,20.63,20.23,116.82,0.1658000000000004,1.46,1.1000000000000014,9.423994599999999,2654572555.0,1366023,1.1000000000000014,1.4648730866134358,20.07,2654572554.9226832,1366023.2198462572
F1,590,147.305,746.683,322,0.238,21.65,20.69,20.23,102.41,0.1658000000000004,1.46,1.5199999999999996,9.423994599999999,2654572555.0,1366023,1.5199999999999996,1.4648730866134358,20.07,2654572554.9226832,1366023.2198462572
F1,610,875.921,243.44,431,0.141,21.54,20.77,20.23,87.47,0.1658000000000004,1.46,1.4100000000000001,9.423994599999999,2654572555.0,1366023,1.4100000000000001,1.4648730866134358,20.07,2654572554.9226832,1366023.2198462572
F1,567,796.243,303.054,393,0.396,21.29,20.7,20.23,116.3,0.1658000000000004,1.46,1.1600000000000001,9.423994599999999,2654572555.0,1366023,1.1600000000000001,1.4648730866134358,20.07,2654572554.9226832,1366023.2198462572
F1,685,502.782,296.07,354,0.382,21.72,20.73,20.23,116.6,0.1658000000000004,1.46,1.5899999999999999,9.423994599999999,2654572555.0,1366023,1.5899999999999999,1.4648730866134358,20.07,2654572554.9226832,1366023.2198462572
F1,552,424.36,615.109,404,0.447,21.27,20.65,20.22,117.25,0.16851000000000083,1.47,1.1500000000000021,9.415151869999997,2601068981.0,1390532,1.1500000000000021,1.4740424816655033,20.06,2601068981.318048,1390532.1458092432
F1,663,49.071,207.327,306,0.307,21.49,20.42,20.22,106.82,0.16851000000000083,1.47,1.370000000000001,9.415151869999997,2601068981.0,1390532,1.370000000000001,1.4740424816655033,20.06,2601068981.318048,1390532.1458092432
F1,533,308.464,660.672,376,0.381,21.54,20.75,20.22,116.59,0.16851000000000083,1.47,1.4200000000000017,9.415151869999997,2601068981.0,1390532,1.4200000000000017,1.4740424816655033,20.06,2601068981.318048,1390532.1458092432
F1,504,46.923,287.125,369,0.407,21.25,20.56,20.22,118.2,0.16851000000000083,1.47,1.1300000000000026,9.415151869999997,2601068981.0,1390532,1.1300000000000026,1.4740424816655033,20.06,2601068981.318048,1390532.1458092432
F1,519,360.972,822.938,397,0.411,21.65,20.76,20.21,116.63,0.17122000000000037,1.48,1.5399999999999991,9.40630914,2548643786.0,1414908,1.5399999999999991,1.4832692726833954,20.05,2548643785.617687,1414907.7369370253
F1,462,605.738,856.93,371,0.328,21.46,99.99,20.21,113.09,0.17122000000000037,1.48,1.3500000000000014,9.40630914,2548643786.0,1414908,1.3500000000000014,1.4832692726833954,20.05,2548643785.617687,1414907.7369370253
F1,623,445.251,779.298,447,0.035,21.74,21.0,20.21,71.69,0.17122000000000037,1.48,1.629999999999999,9.40630914,2548643786.0,1414908,1.629999999999999,1.4832692726833954,20.05,2548643785.617687,1414907.7369370253
F1,603,122.595,494.816,371,0.228,21.71,20.86,20.21,103.87,0.17122000000000037,1.48,1.6000000000000014,9.40630914,2548643786.0,1414908,1.6000000000000014,1.4832692726833954,20.05,2548643785.617687,1414907.7369370253
F1,669,819.291,784.309,359,0.298,21.67,21.01,20.2,110.6,0.1739300000000008,1.49,1.5700000000000038,9.397783949999997,2499101815.0,1440175,1.5700000000000038,1.4925538189380265,20.04,2499101815.4560695,1440175.4564501627
F1,528,677.816,585.615,324,0.281,21.19,20.23,20.2,106.74,0.1739300000000008,1.49,1.0900000000000034,9.397783949999997,2499101815.0,1440175,1.0900000000000034,1.4925538189380265,20.04,2499101815.4560695,1440175.4564501627
F1,397,519.331,615.644,389,0.424,21.01,20.28,20.19,118.06,0.17664000000000035,1.5,0.9200000000000017,9.391049599999999,2460648614.0,1471346,0.9200000000000017,1.5018964819491614,20.03,2460648614.4002776,1471345.6784897328
F1,584,459.402,172.627,268,0.246,21.56,20.71,20.19,96.32,0.17664000000000035,1.5,1.4699999999999989,9.391049599999999,2460648614.0,1471346,1.4699999999999989,1.5018964819491614,20.03,2460648614.4002776,1471345.6784897328
F1,522,34.853,649.853,174,0.237,21.2,20.34,20.19,91.52,0.17664000000000035,1.5,1.1099999999999994,9.391049599999999,2460648614.0,1471346,1.1099999999999994,1.5018964819491614,20.03,2460648614.4002776,1471345.6784897328
F1,566,143.276,386.319,275,0.165,21.29,20.54,20.18,88.9,0.1793500000000008,1.51,1.2100000000000009,9.384315249999998,2422787085.0,1502567,1.2100000000000009,1.5112976254995147,20.02,2422787085.3853235,1502566.7220270073
F1,383,549.156,223.944,432,0.508,21.14,20.23,20.17,113.06,0.1820599999999999,1.52,1.0700000000000003,9.3775809,2385508124.0,1533808,1.0700000000000003,1.5207576156488911,20.01,2385508124.4668403,1533808.3955463632
F1,530,783.447,536.537,248,0.258,22.03,20.92,20.17,95.05,0.1820599999999999,1.52,1.9600000000000009,9.3775809,2385508124.0,1533808,1.9600000000000009,1.5207576156488911,20.01,2385508124.4668403,1533808.3955463632
F1,536,526.016,793.034,177,0.287,21.18,20.62,20.17,95.74,0.1820599999999999,1.52,1.1099999999999994,9.3775809,2385508124.0,1533808,1.1099999999999994,1.5207576156488911,20.01,2385508124.4668403,1533808.3955463632
F1,548,436.416,426.247,486,0.185,21.61,20.55,20.17,75.79,0.1820599999999999,1.52,1.5399999999999991,9.3775809,2385508124.0,1533808,1.5399999999999991,1.5207576156488911,20.01,2385508124.4668403,1533808.3955463632
F1,503,78.869,286.741,432,0.433,21.79,20.87,20.17,110.97,0.1820599999999999,1.52,1.7199999999999989,9.3775809,2385508124.0,1533808,1.7199999999999989,1.5207576156488911,20.01,2385508124.4668403,1533808.3955463632
F1,588,69.022,385.081,451,0.217,21.71,20.81,20.17,90.59,0.1820599999999999,1.52,1.6400000000000006,9.3775809,2385508124.0,1533808,1.6400000000000006,1.5207576156488911,20.01,2385508124.4668403,1533808.3955463632
F1,452,312.709,620.715,349,0.314,21.16,20.18,20.17,111.58,0.1820599999999999,1.52,1.0899999999999999,9.3775809,2385508124.0,1533808,1.0899999999999999,1.5207576156488911,20.01,2385508124.4668403,1533808.3955463632
F1,485,468.489,89.196,447,0.335,21.31,20.35,20.17,101.47,0.1820599999999999,1.52,1.2399999999999984,9.3775809,2385508124.0,1533808,1.2399999999999984,1.5207576156488911,20.01,2385508124.4668403,1533808.3955463632
F1,945,369.763,611.692,461,0.429,23.35,21.72,20.6,101.54,0.18406317099567504,1.53,1.7,9.372603020075747,2358321553.0,1556897,2.8500000000000014,1.5277882689530264,20.00260822510821,2358321552.944832,1556896.5717259657
F1,472,637.803,504.423,443,0.214,21.11,20.41,20.16,92.51,0.18477000000000032,1.53,1.0500000000000007,9.37084655,2348802768.0,1565040,1.0500000000000007,1.530276820748469,20.0,2348802767.7810693,1565039.5856292476
F1,1199,808.362,642.118,579,0.658,24.94,22.75,21.12,26.38,0.18580590043290712,1.53,1.7,9.368272337424226,2334921786.0,1576968,3.9200000000000017,1.5339312684947337,19.996177489177466,2334921786.2685046,1576968.2875994046
F1,319,83.836,591.37,483,0.62,21.56,20.22,20.15,94.6,0.18748000000000076,1.54,1.5100000000000016,9.364112199999997,2312662189.0,1596228,1.5100000000000016,1.539855611455112,19.99,2312662189.3895283,1596228.2955187843
F1,527,378.87,746.828,189,0.18,21.43,20.55,20.15,85.15,0.18748000000000076,1.54,1.3800000000000026,9.364112199999997,2312662189.0,1596228,1.3800000000000026,1.539855611455112,19.99,2312662189.3895283,1596228.2955187843
F1,424,99.815,4.421,459,0.467,21.55,20.38,20.15,103.5,0.18748000000000076,1.54,1.5000000000000036,9.364112199999997,2312662189.0,1596228,1.5000000000000036,1.539855611455112,19.99,2312662189.3895283,1596228.2955187843
F1,465,202.571,650.247,301,0.196,21.41,20.61,20.15,95.56,0.18748000000000076,1.54,1.360000000000003,9.364112199999997,2312662189.0,1596228,1.360000000000003,1.539855611455112,19.99,2312662189.3895283,1596228.2955187843
F1,343,87.019,36.775,386,0.447,21.01,20.29,20.14,119.25,0.1901900000000003,1.55,0.9700000000000024,9.357377849999999,2277077699.0,1627342,0.9700000000000024,1.5494943607458185,19.98,2277077699.1567864,1627341.6874742792
F1,561,159.943,560.438,384,0.385,21.38,20.94,20.14,116.42,0.1901900000000003,1.55,1.3399999999999999,9.357377849999999,2277077699.0,1627342,1.3399999999999999,1.5494943607458185,19.98,2277077699.1567864,1627341.6874742792
F1,583,656.805,627.704,413,0.427,21.44,20.73,20.14,114.96,0.1901900000000003,1.55,1.4000000000000021,9.357377849999999,2277077699.0,1627342,1.4000000000000021,1.5494943607458185,19.98,2277077699.1567864,1627341.6874742792
F1,468,776.724,505.933,277,0.279,21.79,21.03,20.14,100.48,0.1901900000000003,1.55,1.75,9.357377849999999,2277077699.0,1627342,1.75,1.5494943607458185,19.98,2277077699.1567864,1627341.6874742792
F1,828,881.336,780.161,287,0.228,22.64,21.82,20.35,97.09,0.19048153030303183,1.55,1.7,9.356653397196967,2273282440.0,1630683,2.3900000000000006,1.5505348441703588,19.978924242424238,2273282439.798877,1630682.846719128
F1,317,400.985,356.026,404,0.48,20.94,20.07,20.13,118.29,0.19290000000000074,1.56,0.9100000000000037,9.350643499999999,2242040741.0,1658346,0.9100000000000037,1.5591934439322506,19.97,2242040740.660808,1658346.1289034479
F1,474,557.936,724.268,189,0.19,21.28,20.41,20.13,86.18,0.19290000000000074,1.56,1.2500000000000036,9.350643499999999,2242040741.0,1658346,1.2500000000000036,1.5591934439322506,19.97,2242040740.660808,1658346.1289034479
F1,628,372.952,316.404,380,0.278,21.8,21.32,20.12,108.57,0.20009999999999994,1.59,1.7800000000000011,9.3327515,2151550282.0,1739929,1.7800000000000011,1.5852581696229442,19.96,2151550281.7339773,1739928.93149748
F1,509,101.341,95.678,376,0.292,21.32,20.6,20.12,109.99,0.20009999999999994,1.59,1.3000000000000007,9.3327515,2151550282.0,1739929,1.3000000000000007,1.5852581696229442,19.96,2151550281.7339773,1739928.93149748
F1,483,120.61,235.796,329,0.313,21.21,20.19,20.12,109.99,0.20009999999999994,1.59,1.1900000000000013,9.3327515,2151550282.0,1739929,1.1900000000000013,1.5852581696229442,19.96,2151550281.7339773,1739928.93149748
F1,587,90.366,126.397,356,0.345,21.45,20.43,20.12,114.24,0.20009999999999994,1.59,1.4299999999999997,9.3327515,2151550282.0,1739929,1.4299999999999997,1.5852581696229442,19.96,2151550281.7339773,1739928.93149748
F1,323,563.345,653.749,416,0.478,21.02,20.14,20.11,116.15,0.20220000000000016,1.59,1.0100000000000016,9.327532999999999,2125851873.0,1763438,1.0100000000000016,1.5929421351276283,19.95,2125851872.589618,1763437.682070616
F1,524,58.562,617.082,442,0.341,21.33,20.72,20.1,103.36,0.2042999999999997,1.6,1.3299999999999983,9.322314500000001,2100460409.0,1786787,1.3299999999999983,1.600663345875393,19.94,2100460408.7387035,1786786.5941889922
F1,549,748.629,626.308,333,0.193,21.45,20.56,20.1,98.61,0.2042999999999997,1.6,1.4499999999999993,9.322314500000001,2100460409.0,1786787,1.4499999999999993,1.600663345875393,19.94,2100460408.7387035,1786786.5941889922
F1,431,399.194,565.095,183,0.226,21.12,20.31,20.1,89.96,0.2042999999999997,1.6,1.120000000000001,9.322314500000001,2100460409.0,1786787,1.120000000000001,1.600663345875393,19.94,2100460408.7387035,1786786.5941889922
F1,314,108.418,332.33,444,0.521,21.24,20.35,20.1,109.75,0.2042999999999997,1.6,1.2399999999999984,9.322314500000001,2100460409.0,1786787,1.2399999999999984,1.600663345875393,19.94,2100460408.7387035,1786786.5941889922
F1,392,570.626,170.136,463,0.448,21.22,20.32,20.1,101.43,0.2042999999999997,1.6,1.2199999999999989,9.322314500000001,2100460409.0,1786787,1.2199999999999989,1.600663345875393,19.94,2100460408.7387035,1786786.5941889922
F1,423,525.791,-23.687,401,0.435,21.32,20.65,20.1,117.21,0.2042999999999997,1.6,1.3200000000000003,9.322314500000001,2100460409.0,1786787,1.3200000000000003,1.600663345875393,19.94,2100460408.7387035,1786786.5941889922
F1,466,382.225,561.735,418,0.463,21.58,21.14,20.09,115.31,0.20640000000000014,1.61,1.5899999999999999,9.317096,2075372224.0,1809958,1.5899999999999999,1.6084219823990862,19.93,2075372223.9848745,1809958.4802155143
F1,355,66.638,549.981,441,0.414,21.13,20.16,20.09,107.66,0.20640000000000014,1.61,1.1400000000000006,9.317096,2075372224.0,1809958,1.1400000000000006,1.6084219823990862,19.93,2075372223.9848745,1809958.4802155143
F1,585,70.548,307.259,316,0.264,21.62,20.46,20.09,104.29,0.20640000000000014,1.61,1.6300000000000026,9.317096,2075372224.0,1809958,1.6300000000000026,1.6084219823990862,19.93,2075372223.9848745,1809958.4802155143
F1,322,574.036,475.742,426,0.498,21.78,20.86,20.08,114.41,0.20850000000000035,1.62,1.8000000000000043,9.3118775,2050583696.0,1832936,1.8000000000000043,1.6162182261066143,19.919999999999998,2050583695.9213793,1832935.998434056
F1,451,126.261,525.443,409,0.297,21.67,20.7,20.08,107.37,0.20850000000000035,1.62,1.6900000000000048,9.3118775,2050583696.0,1832936,1.6900000000000048,1.6162182261066143,19.919999999999998,2050583695.9213793,1832935.998434056
F1,441,414.633,108.811,175,0.243,21.07,20.5,20.08,92.01,0.20850000000000035,1.62,1.0900000000000034,9.3118775,2050583696.0,1832936,1.0900000000000034,1.6162182261066143,19.919999999999998,2050583695.9213793,1832935.998434056
F1,477,752.549,36.633,426,0.331,21.16,20.49,20.08,106.79,0.20850000000000035,1.62,1.1800000000000033,9.3118775,2050583696.0,1832936,1.1800000000000033,1.6162182261066143,19.919999999999998,2050583695.9213793,1832935.998434056
F1,479,720.278,102.333,319,0.283,21.56,20.84,20.08,106.38,0.20850000000000035,1.62,1.5800000000000018,9.3118775,2050583696.0,1832936,1.5800000000000018,1.6162182261066143,19.919999999999998,2050583695.9213793,1832935.998434056
F1,463,261.293,713.331,394,0.386,21.56,20.82,20.08,115.64,0.20850000000000035,1.62,1.5800000000000018,9.3118775,2050583696.0,1832936,1.5800000000000018,1.6162182261066143,19.919999999999998,2050583695.9213793,1832935.998434056
F1,633,765.892,33.885,448,0.086,22.47,21.42,20.25,77.37,0.20989363636363767,1.62,1.7,9.30841431363636,2034296789.0,1848069,2.3200000000000003,1.6214129463368567,19.91336363636363,2034296789.2044003,1848068.858645695
F1,430,144.655,456.504,563,0.604,22.9,21.2,20.39,51.86,0.21045590909091128,1.62,1.7,9.307017065909086,2027762400.0,1854147,2.6099999999999994,1.6235135180388898,19.910686147186137,2027762400.3146083,1854146.7429847508
F1,342,359.105,464.911,461,0.51,21.94,20.75,20.07,103.64,0.21060000000000012,1.62,1.9700000000000024,9.306659,2026091245.0,1855702,1.9700000000000024,1.6240522592851947,19.91,2026091245.407951,1855701.6729279028
F1,312,326.187,501.922,510,0.436,21.27,20.32,20.07,79.62,0.21060000000000012,1.62,1.3000000000000007,9.306659,2026091245.0,1855702,1.3000000000000007,1.6240522592851947,19.91,2026091245.407951,1855701.6729279028
F1,425,608.033,515.828,174,0.242,21.08,20.3,20.07,91.99,0.21060000000000012,1.62,1.1099999999999994,9.306659,2026091245.0,1855702,1.1099999999999994,1.6240522592851947,19.91,2026091245.407951,1855701.6729279028
F1,438,624.755,854.376,186,0.264,21.27,99.99,20.06,93.29,0.21270000000000033,1.63,1.3100000000000023,9.3014405,2001891336.0,1878238,1.3100000000000023,1.631924265105622,19.9,2001891336.0540698,1878237.9141236607
F1,456,122.608,557.688,450,0.278,21.21,20.39,20.05,96.32,0.21479999999999988,1.64,1.2600000000000016,9.296222,1977980474.0,1900527,1.2600000000000016,1.6398344276265362,19.89,1977980473.7083445,1900527.0399725228
F1,304,169.875,226.678,458,0.483,21.24,20.21,20.05,104.26,0.21479999999999988,1.64,1.2899999999999991,9.296222,1977980474.0,1900527,1.2899999999999991,1.6398344276265362,19.89,1977980473.7083445,1900527.0399725228
F1,335,259.608,230.597,446,0.476,21.05,20.12,20.05,108.25,0.21479999999999988,1.64,1.1000000000000014,9.296222,1977980474.0,1900527,1.1000000000000014,1.6398344276265362,19.89,1977980473.7083445,1900527.0399725228
F1,288,14.46,549.217,446,0.408,21.98,20.87,20.07,105.86,0.21566500000000022,1.64,1.7,9.294072475,1968214718.0,1909632,2.0100000000000016,1.6431037998455265,19.88588095238095,1968214717.6880147,1909632.0312138337
F1,396,862.867,628.918,234,0.453,21.23,20.3,20.04,105.83,0.21690000000000031,1.65,1.2900000000000027,9.291003499999999,1954355206.0,1922551,1.2900000000000027,1.6477829317987454,19.88,1954355205.9539955,1922551.2977389772
F1,334,86.817,788.08,380,0.342,20.99,20.3,20.04,113.85,0.21690000000000031,1.65,1.0500000000000007,9.291003499999999,1954355206.0,1922551,1.0500000000000007,1.6477829317987454,19.88,1954355205.9539955,1922551.2977389772
F1,571,204.22,129.73,357,0.259,21.62,20.74,20.04,106.95,0.21690000000000031,1.65,1.6800000000000033,9.291003499999999,1954355206.0,1922551,1.6800000000000033,1.6477829317987454,19.88,1954355205.9539955,1922551.2977389772
F1,560,175.575,324.498,368,0.372,21.74,21.12,20.04,116.21,0.21690000000000031,1.65,1.8000000000000007,9.291003499999999,1954355206.0,1922551,1.8000000000000007,1.6477829317987454,19.88,1954355205.9539955,1922551.2977389772
F1,388,310.293,220.148,372,0.346,21.14,20.48,20.02,114.41,0.2211000000000003,1.66,1.2200000000000024,9.280566499999999,1907947850.0,1965734,1.2200000000000024,1.6637957093870013,19.86,1907947850.2405274,1965733.9793686294
F1,393,434.904,18.061,191,0.22,21.04,20.2,20.02,89.09,0.2211000000000003,1.66,1.120000000000001,9.280566499999999,1907947850.0,1965734,1.120000000000001,1.6637957093870013,19.86,1907947850.2405274,1965733.9793686294
F1,364,461.075,786.365,480,0.426,21.0,20.11,20.02,93.7,0.2211000000000003,1.66,1.0800000000000018,9.280566499999999,1907947850.0,1965734,1.0800000000000018,1.6637957093870013,19.86,1907947850.2405274,1965733.9793686294
F1,311,51.93,187.867,461,0.508,22.13,20.67,20.1,103.61,0.22176318181818266,1.67,1.7,9.278918493181816,1900721526.0,1972440,2.129999999999999,1.6663383204534274,19.856841991341987,1900721525.9032202,1972439.8027406943
F1,352,249.665,451.35,432,0.309,21.25,20.34,20.01,103.74,0.22319999999999984,1.67,1.3399999999999999,9.275348000000001,1885159062.0,1986857,1.3399999999999999,1.6718603572044655,19.85,1885159061.6643045,1986856.7482599688
F1,464,340.665,307.723,432,0.177,21.83,20.7,20.01,91.29,0.22319999999999984,1.67,1.9199999999999982,9.275348000000001,1885159062.0,1986857,1.9199999999999982,1.6718603572044655,19.85,1885159061.6643045,1986856.7482599688
F1,284,193.238,500.106,431,0.466,20.83,20.1,20.0,112.36,0.22530000000000006,1.68,0.9299999999999997,9.2701295,1862642465.0,2007643,0.9299999999999997,1.6799640954848134,19.84,1862642465.477762,2007643.3864019802
F1,369,825.349,606.238,436,0.454,21.77,20.79,20.0,110.63,0.22530000000000006,1.68,1.870000000000001,9.2701295,1862642465.0,2007643,1.870000000000001,1.6799640954848134,19.84,1862642465.477762,2007643.3864019802
F1,295,445.246,622.988,466,0.527,21.56,20.49,20.0,101.89,0.22530000000000006,1.68,1.6600000000000001,9.2701295,1862642465.0,2007643,1.6600000000000001,1.6799640954848134,19.84,1862642465.477762,2007643.3864019802
F1,316,721.808,688.04,448,0.371,21.79,20.83,19.99,103.36,0.2274000000000005,1.69,1.9000000000000021,9.264911,1840394811.0,2028076,1.9000000000000021,1.688107113704921,19.83,1840394810.5780067,2028076.133308543
F1,360,641.885,372.593,361,0.218,21.28,20.3,19.99,102.79,0.2274000000000005,1.69,1.3900000000000041,9.264911,1840394811.0,2028076,1.3900000000000041,1.688107113704921,19.83,1840394810.5780067,2028076.133308543
F1,213,113.806,521.844,526,0.592,21.7,20.73,19.98,72.75,0.22950000000000004,1.7,1.8200000000000003,9.2596925,1818412885.0,2048137,1.8200000000000003,1.6962896022600826,19.82,1818412884.693729,2048137.2993165182
F1,419,248.91,805.041,450,0.076,21.37,20.71,19.98,75.74,0.22950000000000004,1.7,1.490000000000002,9.2596925,1818412885.0,2048137,1.490000000000002,1.6962896022600826,19.82,1818412884.693729,2048137.2993165182
F1,375,394.411,672.023,196,0.272,21.07,20.23,19.98,93.69,0.22950000000000004,1.7,1.1900000000000013,9.2596925,1818412885.0,2048137,1.1900000000000013,1.6962896022600826,19.82,1818412884.693729,2048137.2993165182
F1,361,266.155,53.191,403,0.226,21.15,20.29,19.98,101.49,0.22950000000000004,1.7,1.2699999999999996,9.2596925,1818412885.0,2048137,1.2699999999999996,1.6962896022600826,19.82,1818412884.693729,2048137.2993165182
F1,224,314.828,367.392,562,0.546,21.45,20.25,19.97,52.41,0.23160000000000025,1.7,1.5800000000000018,9.254474,1796693514.0,2067809,1.5800000000000018,1.7045117524684748,19.81,1796693513.9214332,2067809.2905936146
F1,362,267.73,522.355,190,0.198,21.1,20.36,19.96,86.96,0.23370000000000002,1.71,1.240000000000002,9.2492555,1775233562.0,2087075,1.240000000000002,1.7127737565756094,19.8,1775233562.2671578,2087074.6344339652
F1,555,618.959,401.389,428,0.471,21.56,20.84,19.96,113.27,0.23370000000000002,1.71,1.6999999999999993,9.2492555,1775233562.0,2087075,1.6999999999999993,1.7127737565756094,19.8,1775233562.2671578,2087074.6344339652
F1,497,449.506,396.456,403,0.312,21.04,20.67,19.96,109.46,0.23370000000000002,1.71,1.1799999999999997,9.2492555,1775233562.0,2087075,1.1799999999999997,1.7127737565756094,19.8,1775233562.2671578,2087074.6344339652
F1,382,147.26,308.85,464,0.718,23.11,21.97,20.38,101.03,0.23528590909091252,1.72,1.7,9.245314515909083,1759197163.0,2101344,2.830000000000002,1.7190397101555455,19.792448051948035,1759197162.709801,2101343.661477348
F1,294,124.558,330.03,449,0.387,21.18,20.12,19.95,103.89,0.23580000000000023,1.72,1.3300000000000018,9.244036999999999,1754029931.0,2105916,1.3300000000000018,1.7210758077588468,19.79,1754029931.193673,2105916.00479326
F1,238,16.67,152.924,427,0.456,20.88,20.04,19.95,113.06,0.23580000000000023,1.72,1.0300000000000011,9.244036999999999,1754029931.0,2105916,1.0300000000000011,1.7210758077588468,19.79,1754029931.193673,2105916.00479326
F1,260,550.035,697.299,476,0.484,21.91,21.06,19.98,97.05,0.2366313636363646,1.72,1.7,9.241971061363634,1745705826.0,2113254,2.030000000000001,1.7243735936943587,19.78604112554112,1745705826.2542381,2113254.128298916
F1,373,857.805,68.719,463,0.382,21.88,20.94,19.97,98.75,0.23666500000000057,1.72,1.7,9.241887474999999,1745369872.0,2113550,2.0100000000000016,1.7245071526177345,19.78588095238095,1745369871.8108425,2113549.5530257165
F1,440,388.923,388.467,408,0.355,21.34,20.72,19.94,111.89,0.23789999999999978,1.73,1.5,9.2388185,1733079559.0,2124316,1.5,1.7294181001318971,19.78,1733079559.1731274,2124316.2480128924
F1,315,483.406,293.818,466,0.331,21.63,20.47,19.93,94.74,0.2400000000000002,1.74,1.8000000000000007,9.2336,1712379421.0,2142258,1.8000000000000007,1.7378008287493762,19.77,1712379421.2449248,2142258.408681726
F1,429,624.594,728.73,442,0.479,22.43,21.46,20.13,109.58,0.2433590909090928,1.75,1.7,9.225252659090904,1679780979.0,2169964,2.400000000000002,1.7512941255811423,19.75400432900432,1679780978.5070431,2169964.058190376
F1,459,233.563,541.986,390,0.17,21.5,20.76,19.91,96.52,0.24419999999999997,1.75,1.6900000000000013,9.223163,1671717928.0,2176702,1.6900000000000013,1.7546883796679142,19.75,1671717928.0444882,2176701.8076672335
F1,327,853.249,736.471,449,0.406,21.5,20.72,19.91,104.81,0.24419999999999997,1.75,1.6900000000000013,9.223163,1671717928.0,2176702,1.6900000000000013,1.7546883796679142,19.75,1671717928.0444882,2176701.8076672335
F1,219,178.324,64.073,423,0.493,20.75,20.08,19.91,115.01,0.24419999999999997,1.75,0.9400000000000013,9.223163,1671717928.0,2176702,0.9400000000000013,1.7546883796679142,19.75,1671717928.0444882,2176701.8076672335
F1,1207,252.832,598.495,495,0.578,24.73,22.32,20.87,51.12,0.24913545454545938,1.77,1.7,9.210898395454533,1625168498.0,2214573,3.960000000000001,1.774742929117806,19.726497835497813,1625168498.0437105,2214573.1179253138
F1,237,57.42,528.362,444,0.295,21.17,20.0,19.88,99.45,0.2505000000000004,1.78,1.3900000000000041,9.207507499999998,1612528874.0,2224522,1.3900000000000041,1.7803279088537305,19.72,1612528874.4843965,2224521.6814558455
F1,275,97.28,801.841,475,0.355,21.12,19.8,19.88,92.64,0.2505000000000004,1.78,1.3400000000000034,9.207507499999998,1612528874.0,2224522,1.3400000000000034,1.7803279088537305,19.72,1612528874.4843965,2224521.6814558455
F1,272,449.464,717.144,455,0.489,21.38,20.74,19.87,105.48,0.25259999999999994,1.79,1.6099999999999994,9.202289,1593268610.0,2239374,1.6099999999999994,1.7889574043521879,19.71,1593268610.3272567,2239373.653390098
F1,205,740.307,514.147,440,0.416,21.18,20.06,19.87,108.04,0.25259999999999994,1.79,1.4100000000000001,9.202289,1593268610.0,2239374,1.4100000000000001,1.7889574043521879,19.71,1593268610.3272567,2239373.653390098
F1,259,564.125,580.467,473,0.1,21.03,20.37,19.87,72.04,0.25259999999999994,1.79,1.2600000000000016,9.202289,1593268610.0,2239374,1.2600000000000016,1.7889574043521879,19.71,1593268610.3272567,2239373.653390098
F1,286,279.23,67.26,197,0.247,21.07,20.13,19.87,91.49,0.25259999999999994,1.79,1.3000000000000007,9.202289,1593268610.0,2239374,1.3000000000000007,1.7889574043521879,19.71,1593268610.3272567,2239373.653390098
F1,244,802.609,464.726,442,0.349,21.47,20.38,19.87,103.87,0.25259999999999994,1.79,1.6999999999999993,9.202289,1593268610.0,2239374,1.6999999999999993,1.7889574043521879,19.71,1593268610.3272567,2239373.653390098
F1,218,506.923,159.39,496,0.364,20.85,20.01,19.87,83.86,0.25259999999999994,1.79,1.0800000000000018,9.202289,1593268610.0,2239374,1.0800000000000018,1.7889574043521879,19.71,1593268610.3272567,2239373.653390098
F1,261,366.244,211.569,544,0.55,21.21,20.24,19.87,62.63,0.25259999999999994,1.79,1.4400000000000013,9.202289,1593268610.0,2239374,1.4400000000000013,1.7889574043521879,19.71,1593268610.3272567,2239373.653390098
F1,2223,760.724,516.453,501,0.823,26.89,23.28,21.57,34.95,0.25298000000000953,1.79,1.7,9.201344699999977,1589808080.0,2242001,5.420000000000002,1.7905233954870878,19.70819047619043,1589808080.3641346,2242000.7786239395
F1,339,886.358,801.067,370,0.34,21.39,20.65,19.85,114.01,0.2567999999999997,1.81,1.6400000000000006,9.191852,1555435476.0,2267356,1.6400000000000006,1.8063420831699752,19.69,1555435475.9403746,2267356.0275591384
F1,200,447.286,399.913,448,0.438,21.31,20.68,19.85,106.44,0.2567999999999997,1.81,1.5599999999999987,9.191852,1555435476.0,2267356,1.5599999999999987,1.8063420831699752,19.69,1555435475.9403746,2267356.0275591384
F1,246,575.943,702.232,458,0.422,20.9,20.22,19.85,102.38,0.2567999999999997,1.81,1.1499999999999986,9.191852,1555435476.0,2267356,1.1499999999999986,1.8063420831699752,19.69,1555435475.9403746,2267356.0275591384
F1,263,194.74,832.315,457,0.383,20.47,20.39,19.84,100.98,0.25890000000000013,1.82,0.7300000000000004,9.1866335,1536857143.0,2280458,0.7300000000000004,1.8150976729677177,19.68,1536857143.0992978,2280457.9780656467
F1,296,395.486,18.707,194,0.217,20.89,20.0,19.84,88.73,0.25890000000000013,1.82,1.1500000000000021,9.1866335,1536857143.0,2280458,1.1500000000000021,1.8150976729677177,19.68,1536857143.0992978,2280457.9780656467
F1,301,364.732,570.56,427,0.283,20.97,20.24,19.84,102.79,0.25890000000000013,1.82,1.2300000000000004,9.1866335,1536857143.0,2280458,1.2300000000000004,1.8150976729677177,19.68,1536857143.0992978,2280457.9780656467
F1,227,746.93,775.24,439,0.327,20.85,19.94,19.83,103.25,0.26100000000000056,1.82,1.1200000000000045,9.181415,1518500712.0,2292949,1.1200000000000045,1.8238957023196403,19.669999999999998,1518500712.392062,2292948.874030801
F1,283,347.964,-3.955,185,0.178,20.85,20.08,19.83,85.08,0.26100000000000056,1.82,1.1200000000000045,9.181415,1518500712.0,2292949,1.1200000000000045,1.8238957023196403,19.669999999999998,1518500712.392062,2292948.874030801
F1,245,189.929,129.833,441,0.228,20.92,19.98,19.82,94.4,0.2631000000000001,1.83,1.2000000000000028,9.1761965,1500363533.0,2304816,1.2000000000000028,1.8327363769361253,19.66,1500363533.389399,2304815.6318419636
F1,264,125.83,18.28,436,0.269,21.37,20.37,19.81,99.45,0.2652000000000003,1.84,1.6600000000000037,9.170978,1482442987.0,2316046,1.6600000000000037,1.8416199035246723,19.65,1482442987.3191347,2316045.66695298
F1,197,129.658,501.311,516,0.422,21.09,20.25,19.8,76.1,0.26729999999999987,1.85,1.3900000000000006,9.1657595,1464736487.0,2326627,1.3900000000000006,1.8505464897947081,19.64,1464736486.6880653,2326626.9164071186
F1,230,479.669,410.112,462,0.382,21.05,20.05,19.8,99.12,0.26729999999999987,1.85,1.3500000000000014,9.1657595,1464736487.0,2326627,1.3500000000000014,1.8505464897947081,19.64,1464736486.6880653,2326626.9164071186
F1,232,263.283,697.783,463,0.313,20.95,19.92,19.8,94.64,0.26729999999999987,1.85,1.25,9.1657595,1464736487.0,2326627,1.25,1.8505464897947081,19.64,1464736486.6880653,2326626.9164071186
F1,252,377.71,736.657,421,0.26,21.21,20.42,19.8,101.99,0.26729999999999987,1.85,1.5100000000000016,9.1657595,1464736487.0,2326627,1.5100000000000016,1.8505464897947081,19.64,1464736486.6880653,2326626.9164071186
F1,173,132.979,205.212,449,0.647,20.85,19.75,19.79,107.87,0.2694000000000003,1.86,1.1600000000000037,9.160540999999998,1447241475.0,2336548,1.1600000000000037,1.859516344462469,19.63,1447241474.9083521,2336547.860698792
F1,234,871.714,142.695,510,0.494,20.81,19.87,19.79,80.85,0.2694000000000003,1.86,1.120000000000001,9.160540999999998,1447241475.0,2336548,1.120000000000001,1.859516344462469,19.63,1447241474.9083521,2336547.860698792
F1,269,783.385,778.874,197,0.309,20.81,19.99,19.79,96.63,0.2694000000000003,1.86,1.120000000000001,9.160540999999998,1447241475.0,2336548,1.120000000000001,1.859516344462469,19.63,1447241474.9083521,2336547.860698792
F1,846,536.441,380.184,474,0.27,23.79,22.05,20.49,87.43,0.27107727272727744,1.87,1.7,9.156372977272715,1433418408.0,2343990,3.400000000000002,1.866711799774473,19.622012987012965,1433418407.6081653,2343990.065710274
F1,258,584.651,646.161,501,0.539,21.0,20.09,19.78,85.98,0.27149999999999985,1.87,1.3200000000000003,9.1553225,1429955426.0,2345798,1.3200000000000003,1.8685296772558522,19.62,1429955425.9284132,2345797.5449175597
F1,325,589.059,492.799,379,0.453,21.45,20.7,19.76,119.9,0.27569999999999983,1.89,1.7899999999999991,9.144885500000001,1396000263.0,2362242,1.7899999999999991,1.8866876212189516,19.6,1396000262.6585557,2362242.2578777913
F1,206,672.81,492.074,466,0.412,20.6,19.83,19.74,98.97,0.27603000000000044,1.89,0.9600000000000044,9.14406545,1393366773.0,2363417,0.9600000000000044,1.888121771422955,19.58,1393366773.3401856,2363416.551582135
F1,210,173.593,109.992,430,0.396,20.84,20.04,19.75,109.82,0.27780000000000005,1.9,1.1900000000000013,9.139667,1379326246.0,2369418,1.1900000000000013,1.8958326569471124,19.59,1379326245.6857708,2369418.378943751
F1,204,31.785,419.365,449,0.311,20.73,19.78,19.73,99.18,0.2791000000000001,1.9,1.1000000000000014,9.1364365,1369104191.0,2373506,1.1000000000000014,1.901516069774582,19.57,1369104191.3454833,2373505.929970674
F1,248,182.27,335.708,437,0.369,21.08,20.39,19.73,106.5,0.2791000000000001,1.9,1.4499999999999993,9.1364365,1369104191.0,2373506,1.4499999999999993,1.901516069774582,19.57,1369104191.3454833,2373505.929970674
F1,195,373.988,172.81,467,0.385,20.83,20.11,19.73,97.37,0.2791000000000001,1.9,1.1999999999999993,9.1364365,1369104191.0,2373506,1.1999999999999993,1.901516069774582,19.57,1369104191.3454833,2373505.929970674
F1,216,266.856,305.468,446,0.269,21.17,20.2,19.71,96.75,0.28523999999999994,1.93,1.5600000000000023,9.1211786,1321839118.0,2389085,1.5600000000000023,1.9285903971994887,19.55,1321839117.7901225,2389084.7417238457
F1,377,506.196,698.151,532,0.616,22.52,20.71,20.02,69.32,0.28658893939394225,1.93,1.7,9.117826485606054,1311675738.0,2391672,2.6000000000000014,1.9345900037525328,19.54560606060605,1311675738.3357036,2391672.3513795417
F1,155,822.695,291.891,558,0.685,21.26,19.94,19.69,54.13,0.29137999999999975,1.96,1.6700000000000017,9.1059207,1276205759.0,2398395,1.6700000000000017,1.95605021661006,19.53,1276205758.7472987,2398394.6900890833
F1,188,108.023,247.863,454,0.302,21.06,20.04,19.69,96.93,0.29137999999999975,1.96,1.4699999999999989,9.1059207,1276205759.0,2398395,1.4699999999999989,1.95605021661006,19.53,1276205758.7472987,2398394.6900890833
F1,229,623.448,577.709,201,0.201,20.81,19.92,19.67,87.1,0.29751999999999956,1.98,1.2399999999999984,9.0906628,1232147783.0,2401319,1.2399999999999984,1.9839010167509907,19.51,1232147783.1452472,2401318.5123705934
F1,201,344.898,770.497,189,0.296,20.52,19.7,19.67,95.84,0.29751999999999956,1.98,0.9499999999999993,9.0906628,1232147783.0,2401319,0.9499999999999993,1.9839010167509907,19.51,1232147783.1452472,2401318.5123705934
F1,190,489.946,400.93,429,0.405,20.83,20.08,19.66,110.51,0.30059000000000013,2.0,1.2699999999999996,9.08303385,1210692494.0,2400364,1.2699999999999996,1.9979747711669682,19.5,1210692494.2793484,2400363.6831785906
F1,408,815.215,176.524,457,0.448,22.56,21.04,20.0,103.67,0.3017914199134233,2.0,1.7,9.080048321515143,1202398211.0,2399550,2.66,2.0035095639145846,19.49608658008657,1202398211.2910528,2399550.113236255
F1,444,121.751,657.133,479,0.574,22.74,20.96,20.05,96.61,0.3060767943722973,2.02,1.7,9.06939916598484,1173273242.0,2394633,2.789999999999999,2.0233769318405983,19.482127705627697,1173273241.5741668,2394632.631213152
F1,191,794.769,177.227,452,0.365,21.25,20.52,19.64,101.72,0.30672999999999995,2.03,1.7100000000000009,9.06777595,1168896209.0,2393607,1.7100000000000009,2.026422505057374,19.48,1168896208.6812446,2393606.853456697
F1,185,144.836,180.467,511,0.36,21.2,20.23,19.64,76.4,0.30672999999999995,2.03,1.6600000000000001,9.06777595,1168896209.0,2393607,1.6600000000000001,2.026422505057374,19.48,1168896208.6812446,2393606.853456697
F1,207,349.012,58.33,314,0.278,20.74,19.79,19.63,105.34,0.3098000000000005,2.04,1.2100000000000009,9.060146999999999,1148542314.0,2387810,1.2100000000000009,2.040797906066993,19.47,1148542314.3233032,2387809.8684836086
F1,193,143.056,171.69,195,0.213,20.77,19.85,19.62,88.33,0.31286999999999976,2.06,1.25,9.052518050000002,1128542841.0,2380410,1.25,2.0552752858858976,19.46,1128542840.66796,2380409.697358916
F1,194,428.622,185.952,461,0.238,21.03,20.24,19.62,89.42,0.31286999999999976,2.06,1.5100000000000016,9.052518050000002,1128542841.0,2380410,1.5100000000000016,2.0552752858858976,19.46,1128542840.66796,2380409.697358916
F1,168,63.609,662.896,434,0.432,21.27,20.46,19.61,110.4,0.31594000000000033,2.07,1.7600000000000016,9.044889099999999,1108891616.0,2371418,1.7600000000000016,2.0698553679497484,19.45,1108891616.2164004,2371417.610143483
F1,151,383.324,278.858,501,0.4,20.64,19.75,19.61,82.98,0.31594000000000033,2.07,1.1300000000000026,9.044889099999999,1108891616.0,2371418,1.1300000000000026,2.0698553679497484,19.45,1108891616.2164004,2371417.610143483
F1,172,651.896,747.256,446,0.281,20.72,19.87,19.61,97.75,0.31594000000000033,2.07,1.2100000000000009,9.044889099999999,1108891616.0,2371418,1.2100000000000009,2.0698553679497484,19.45,1108891616.2164004,2371417.610143483
F1,476,650.086,380.669,650,0.592,23.09,21.84,20.14,11.19,0.31771754329004853,2.08,1.7,9.04047190492423,1097670278.0,2365489,3.0500000000000007,2.0783445324594854,19.44420995670994,1097670278.2566226,2365489.0980068278
F1,199,52.553,723.548,432,0.289,21.52,20.34,19.62,102.14,0.3187641341991352,2.08,2.0,9.03787112651515,1091116508.0,2361752,2.0,2.0833591012174417,19.46,1091116508.129377,2361752.4941174607
F1,233,89.82,829.313,358,0.338,21.6,20.45,19.64,113.79,0.32168661471861615,2.1,1.7,9.030608762424238,1073022336.0,2350361,2.0600000000000023,2.097425842746098,19.43128138528138,1073022336.2559533,2350360.545097227
F1,240,139.735,474.178,499,0.223,21.85,20.32,19.72,73.68,0.32280364285714525,2.1,1.7,9.027832947499995,1066185931.0,2345636,2.230000000000004,2.1028274754565692,19.42764285714285,1066185931.1584625,2345636.4932290087
F1,174,876.368,141.793,474,0.283,20.94,19.86,19.58,88.41,0.3251500000000007,2.11,1.4600000000000044,9.022002249999998,1051967324.0,2335054,1.4600000000000044,2.11421913916668,19.419999999999998,1051967323.8587265,2335054.3550066315
F1,184,358.08,68.748,478,0.295,21.54,20.46,19.58,87.69,0.3401066147186169,2.19,1.7,8.984835062424237,965684059.1,2247401,2.0600000000000023,2.188298762301326,19.371281385281378,965684059.1392753,2247401.115136851
F1,177,387.634,211.691,394,0.199,20.93,20.11,19.53,99.53,0.3405,2.19,1.5,8.9838575,963512825.5,2244645,1.5,2.190281828068455,19.37,963512825.4882811,2244645.0278674327
F1,160,157.838,174.017,425,0.211,21.06,20.14,19.52,96.37,0.34357000000000015,2.21,1.6400000000000006,8.97622855,946735255.2,2222386,1.6400000000000006,2.205819643861549,19.36,946735255.2328081,2222386.2483798503
F1,331,480.523,569.934,517,0.539,22.79,21.42,19.98,77.59,0.34569175541125974,2.22,1.7,8.97095598780302,935310883.2,2206241,2.91,2.216622592636622,19.35308874458873,935310883.2292031,2206240.7336977306
F1,182,679.09,-5.543,442,0.175,20.5,19.89,19.51,88.76,0.34663999999999984,2.22,1.0899999999999999,8.968599600000001,930249831.4,2198828,1.0899999999999999,2.2214676846113224,19.35,930249831.4399779,2198828.277724512
F1,183,110.136,846.65,452,0.446,22.02,99.99,19.71,105.37,0.3530610844155868,2.25,1.7,8.952643205227266,896691814.4,2145557,2.41,2.2545562978509026,19.329084415584408,896691814.3575926,2145556.9781690864
F1,166,476.846,747.158,214,0.254,20.95,19.82,19.46,92.28,0.36199000000000003,2.3,1.5899999999999999,8.93045485,852029928.3,2063210,1.5899999999999999,2.301388825362393,19.3,852029928.280449,2063210.3623460485
F1,164,645.768,675.4,527,0.384,21.17,19.99,19.46,69.08,0.36199000000000003,2.3,1.8100000000000023,8.93045485,852029928.3,2063210,1.8100000000000023,2.301388825362393,19.3,852029928.280449,2063210.3623460485
F1,146,241.723,710.178,471,0.293,20.83,20.03,19.45,90.28,0.3650600000000006,2.32,1.4800000000000004,8.9228259,837193600.6,2032882,1.4800000000000004,2.317714831987899,19.29,837193600.6225895,2032882.435600157
F1,161,681.411,593.494,501,0.328,21.03,20.23,19.45,79.68,0.3650600000000006,2.32,1.6800000000000033,8.9228259,837193600.6,2032882,1.6800000000000033,2.317714831987899,19.29,837193600.6225895,2032882.435600157
F1,178,281.918,543.03,538,0.398,21.43,20.27,19.48,63.61,0.36929620129870244,2.34,1.7,8.912298939772725,817144646.5,1989503,2.0500000000000007,2.3404329368629893,19.276201298701295,817144646.4789023,1989503.43120867
F1,133,16.431,426.376,486,0.322,21.43,20.39,19.44,86.11,0.38761785497835666,2.44,1.7,8.866769630378784,735816683.2,1785077,2.09,2.441281471437445,19.21652164502164,735816683.1941197,1785077.063647093
F1,129,366.442,678.245,515,0.304,20.93,19.97,19.36,71.66,0.3926900000000004,2.47,1.6700000000000017,8.854165349999999,714768409.8,1724810,1.6700000000000017,2.469960454450601,19.2,714768409.8010364,1724810.4086894982
F1,100,469.319,296.353,618,0.418,20.72,19.78,19.33,22.66,0.40560000000000107,2.54,1.490000000000002,8.819424799999997,659818973.8,1557645,1.490000000000002,2.544485615146642,19.169999999999998,659818973.81364,1557644.5351958328
F1,353,900.235,821.974,652,0.378,24.04,22.55,20.26,9.97,0.4108045714285806,2.58,1.7,8.804763522285688,637916039.9,1487622,3.879999999999999,2.5751620966899047,19.15585714285712,637916039.9040984,1487621.537629234
F1,171,205.283,725.663,452,0.328,21.72,20.23,19.49,99.42,0.4135327099567139,2.59,1.7,8.797078356051937,626726929.5,1451063,2.330000000000002,2.5913895908832774,19.148443722943714,626726929.470746,1451062.9346913632
F1,236,130.784,541.867,475,0.589,22.91,21.39,19.83,98.35,0.4423076017316099,2.77,1.7,8.716019485922054,520019328.2,1081290,3.1800000000000033,2.768902106715817,19.070251082251062,520019328.234003,1081289.5463262415
F1,338,87.81,792.326,1097,1.078,24.91,23.11,20.48,39.92,0.4475289004329124,2.8,1.7,8.701311087480486,502702549.1,1018918,4.530000000000001,2.8023921026228966,19.05606277056274,502702549.13460726,1018917.7900134968
F1,104,860.14,629.895,232,0.181,19.91,19.28,19.13,86.21,0.47920000000000096,3.01,0.8800000000000026,8.612093599999998,409348873.9,685162,0.8800000000000026,3.014393884279475,18.97,409348873.8971739,685161.5413451521
F1,170,280.584,257.958,499,0.276,22.35,20.94,19.55,77.47,0.4946528138528197,3.12,1.7,8.568563023376607,370307939.4,553536,2.900000000000002,3.1235812977467483,18.928008658008643,370307939.3627029,553536.4120025499
F1,84,218.231,79.339,432,0.469,19.16,19.01,18.94,112.18,0.5461,3.52,0.3200000000000003,8.4236363,265238339.3,263049,0.3200000000000003,3.516413996316664,18.78,265238339.26291484,263049.3058922223
F1,91,860.939,628.112,440,0.235,19.64,19.28,18.88,95.33,0.569500000000001,3.71,0.860000000000003,8.357718499999997,227886448.4,194222,0.860000000000003,3.7110772949292676,18.72,227886448.40340936,194221.93317144172
F1,77,859.402,627.796,411,0.353,18.93,18.41,18.72,111.27,0.6319000000000008,4.28,0.3100000000000023,8.187390599999997,153953866.3,122642,0.3100000000000023,4.284498548137022,18.56,153953866.3095582,122642.3329949908
F1,73,688.817,405.675,137,0.182,19.88,19.16,18.55,89.3,0.6980000000000002,4.99,1.4299999999999997,8.040251999999999,109711461.4,74457,1.4299999999999997,4.988844874600124,18.39,109711461.38224708,74457.3104150546
F1,64,610.32,803.826,430,0.202,19.03,18.45,18.36,94.4,0.7360000000000004,5.45,0.7700000000000031,7.955663999999999,90295061.89,33635,0.7700000000000031,5.445026528424218,18.2,90295061.88828625,33634.73152087533
F1,53,107.785,832.967,448,0.203,19.91,19.01,18.09,90.07,0.8317400000000008,6.79,1.9200000000000017,7.742546759999998,55277292.12,6854,1.9200000000000017,6.787971340275253,17.93,55277292.11812497,6853.502660825669
F1,31,460.926,401.982,432,0.513,19.11,18.05,17.37,113.15,1.12336,13.28,1.8399999999999999,7.224970560000001,16786902.19,252126,1.8399999999999999,13.284952318281146,17.21,16786902.190364335,252125.728680559
