,xpos,ypos,J,Ks,J-Ks,Per (days),A (mag),prob,Log(M/Ms),M/Ms,Log(t),t,Log(dt),dt,Selected_Z,alpha
0,623.502,566.5,23.950000000000003,22.75,1.2000000000000028,138,0.684,72.43,-0.26051999999999986,0.5488832780159363,10.626359999999998,42301912248.1204,6.056393241684871,1138657.8424793892,0.001,2.3
1,482.027,808.044,24.3,22.66,1.6400000000000006,120,0.644,76.81,-0.24215999999999993,0.5725850439970914,10.56813,36993889926.159134,5.998199716005296,995863.2728365002,0.001,2.3
2,709.054,98.738,23.970000000000002,22.64,1.3300000000000018,83,1.133,57.51,-0.23807999999999985,0.5779895679858503,10.55519,35907899417.48682,5.9852718949185615,966655.8753117757,0.001,2.3
3,695.119,51.824,24.14,22.44,1.6999999999999993,71,1.197,47.61,-0.19728000000000012,0.6349214508778137,10.42579,26655694357.540134,5.856171450009877,718077.716777583,0.001,2.3
4,389.254,296.955,24.240000000000002,22.43,1.8100000000000023,268,1.41,28.92,-0.19523999999999986,0.6379108661947391,10.419319999999999,26261528516.020065,5.849730548120663,707506.6856483483,0.001,2.3
5,751.847,22.71,23.970000000000002,22.41,1.5600000000000023,114,0.806,67.75,-0.19115999999999977,0.6439319884982008,10.406379999999999,25490596592.70648,5.836855109096956,686839.2559775709,0.001,2.3
6,28.685,532.373,23.700000000000003,22.38,1.3200000000000038,136,0.612,76.69,-0.18503999999999965,0.6530703998706809,10.386969999999998,24376424261.793713,5.817560035669304,656991.9309485399,0.001,2.3
7,858.503,549.942,23.03,22.37,0.6600000000000001,86,1.02,61.68,-0.18300000000000005,0.6561452663029054,10.3805,24015962678.856945,5.81113380769601,647342.0334412736,0.001,2.3
8,455.378,425.579,23.650000000000002,22.33,1.3200000000000038,236,0.871,49.46,-0.17483999999999944,0.6685901899295292,10.354619999999999,22626636504.74447,5.78546112875831,610184.4400438906,0.001,2.3
9,567.725,655.871,23.630000000000003,22.3,1.3300000000000018,85,0.85,69.95,-0.16871999999999998,0.6780785401036363,10.33521,21637645437.25341,5.766246474497096,583776.3199785347,0.001,2.3
10,521.932,816.652,23.78,22.19,1.5899999999999999,105,0.695,75.84,-0.14627999999999997,0.7140358217354871,10.26404,18367075025.707794,5.69621389624264,496836.96050896903,0.001,2.3
11,394.372,341.06,23.3,22.15,1.1500000000000021,84,0.54,81.75,-0.13811999999999958,0.7275787393248205,10.238159999999999,17304537645.20259,5.670978236718034,468789.8896474073,0.001,2.3
12,513.17,810.87,23.37,21.95,1.4200000000000017,207,0.746,61.38,-0.09731999999999963,0.7992451324160835,10.108759999999998,12845765805.070621,5.548305162522411,353431.42563266546,0.001,2.3
13,572.458,659.62,23.580000000000002,21.94,1.6400000000000006,70,0.948,64.12,-0.09528000000000003,0.8030082367142902,10.10229,12655811567.878084,5.542400928900546,348659.0390893231,0.001,2.3
14,845.449,630.594,23.35,21.94,1.4100000000000001,225,0.803,55.63,-0.09528000000000003,0.8030082367142902,10.10229,12655811567.878084,5.542400928900546,348659.0390893231,0.001,2.3
15,899.173,0.91,23.540000000000003,21.91,1.6300000000000026,149,0.257,53.1,-0.08839999999999992,0.8158306174490079,10.0856,12178673848.912579,5.52784869362749,337169.8196454031,0.001,2.3
16,388.986,69.78,23.110000000000003,21.86,1.2500000000000036,85,0.453,79.11,-0.08289999999999986,0.8262281737435994,10.072349999999998,11812722450.987347,5.516590499973226,328541.699967517,0.001,2.3
17,475.878,385.235,23.450000000000003,21.83,1.6200000000000045,567,1.147,13.47,-0.07959999999999967,0.832530206749243,10.0644,11598451211.901646,5.509970189018614,323571.4454721753,0.001,2.3
18,813.52,332.95,22.880000000000003,21.81,1.0700000000000038,252,0.655,67.2,-0.07739999999999969,0.8367582442814506,10.059099999999999,11457767359.17109,5.505617122408884,320344.38967125805,0.001,2.3
19,714.185,407.121,23.080000000000002,21.81,1.2700000000000031,133,0.484,79.1,-0.07739999999999969,0.8367582442814506,10.059099999999999,11457767359.17109,5.505617122408884,320344.38967125805,0.001,2.3
20,97.012,404.027,22.44,21.8,0.6400000000000006,116,0.486,80.13,-0.07629999999999992,0.8388803083408606,10.056449999999998,11388066643.65658,5.503459559236891,318756.87408989226,0.001,2.3
21,119.598,678.105,23.17,21.74,1.4300000000000033,270,0.719,61.81,-0.06969999999999976,0.8517261866459189,10.040549999999998,10978676796.856754,5.4907980404038295,309597.92437953746,0.001,2.3
22,103.0,615.344,23.21,21.72,1.490000000000002,89,0.589,81.32,-0.06749999999999978,0.8560517117200951,10.035249999999998,10845510521.338823,5.200769361178259,158770.33501738482,0.003,2.3
23,346.614,200.477,24.5,21.66405,1.6,152,0.868,57.49,-0.06134549999999983,0.8682694086742864,10.020423249999999,10481495446.55159,5.21316023427075,163365.45785446084,0.003,2.3
24,806.535,341.542,22.78,21.59,1.1900000000000013,138,0.356,70.23,-0.053199999999999914,0.8847080928705309,10.000799999999998,10018437657.240217,5.231138284324734,170270.05814072606,0.003,2.3
25,519.771,822.923,21.98,21.57,0.41000000000000014,574,0.755,24.16,-0.050999999999999934,0.8892011178579485,9.9955,9896918638.691025,5.236303472689395,172307.21884779088,0.003,2.3
26,424.331,-17.963,23.32,21.56,1.7600000000000016,256,1.59,33.27,-0.04989999999999972,0.8914561798745944,9.992849999999999,9836712990.515291,5.238935497079251,173354.65063011265,0.003,2.3
27,51.917,654.58,22.68,21.47,1.2100000000000009,308,0.362,68.98,-0.0399999999999997,0.9120108393559103,9.968999999999998,9311078754.678253,5.264106337439552,183698.80766605982,0.003,2.3
28,523.697,838.905,24.400000000000002,21.43395,1.6,144,0.962,53.07,-0.03603449999999986,0.9203764548929163,9.959446749999998,9108497637.099045,5.274935897437653,188337.10803797102,0.003,2.3
29,206.907,513.45,22.240000000000002,21.41,0.8300000000000018,172,0.358,68.94,-0.033399999999999874,0.9259765745612469,9.957819999999998,9074443480.172138,5.287085975258462,193680.53463425065,0.003,2.3
30,565.427,841.839,23.35,21.38,1.9700000000000024,178,0.379,70.86,-0.030099999999999794,0.93303943579109,9.950829999999998,8929558771.413073,5.297617153914753,198434.48752819776,0.003,2.3
31,264.14,316.748,22.59,21.34,1.25,458,0.312,51.87,-0.025699999999999834,0.9425404555789748,9.94151,8739971168.862238,5.312113611489943,205169.88332954954,0.003,2.3
32,161.874,584.081,22.51,21.32,1.1900000000000013,456,0.256,43.68,-0.023499999999999965,0.9473271845042496,9.93685,8646692210.265823,5.319555734577761,208715.99594957143,0.003,2.3
33,54.552,767.989,23.09,21.32,1.7699999999999996,418,0.821,46.61,-0.023499999999999965,0.9473271845042496,9.93685,8646692210.265823,5.319555734577761,208715.99594957143,0.003,2.3
34,576.165,524.68,22.85,21.29,1.5600000000000023,125,0.245,50.84,-0.020199999999999774,0.9545528969328626,9.929859999999998,8508637079.353246,5.33095974055727,214269.1962669815,0.003,2.3
35,251.772,690.018,21.990000000000002,21.27,0.7200000000000024,226,0.53,73.99,-0.017999999999999794,0.9594006315159336,9.925199999999998,8417827076.608096,5.338722047796455,218133.3392866717,0.003,2.3
36,324.743,541.049,22.03,21.18,0.8500000000000014,303,0.311,62.36,-0.008099999999999885,0.9815219132257575,9.904229999999998,8021027401.81384,5.375211579493056,237252.92724592908,0.003,2.3
37,681.597,88.905,24.5,21.14365,1.6,166,0.763,63.49,-0.00410149999999998,0.990600402252117,9.89576045,7866117873.318076,5.390660556407498,245844.53376667164,0.003,2.3
38,719.435,768.779,22.03,21.1,0.9299999999999997,248,0.359,67.77,0.0006999999999999229,1.0016131092283087,9.885589999999999,7684046777.247594,5.437953464484642,274128.0422554388,0.006,2.3
39,521.966,828.285,21.8,21.1,0.6999999999999993,244,0.517,74.09,0.0006999999999999229,1.0016131092283087,9.885589999999999,7684046777.247594,5.437953464484642,274128.0422554388,0.006,2.3
40,722.411,633.752,22.64,21.09,1.5500000000000007,180,0.2,38.34,0.0018000000000001348,1.0041532541208797,9.883259999999998,7642932076.7863245,5.443136724849943,277419.33404039295,0.006,2.3
41,65.875,646.566,21.860000000000003,21.06,0.8000000000000043,231,0.395,70.95,0.0051000000000002155,1.011812405855589,9.876269999999998,7520903217.338352,5.458785860425543,287597.9992409146,0.006,2.3
42,862.1,33.721,23.040000000000003,21.05,1.990000000000002,468,0.496,59.66,0.006200000000000094,1.0143784167147654,9.87394,7480661442.145829,5.464034753005054,291095.0048067755,0.006,2.3
43,644.197,327.874,21.78,21.05,0.7300000000000004,191,0.32,63.31,0.006200000000000094,1.0143784167147654,9.87394,7480661442.145829,5.464034753005054,291095.0048067755,0.006,2.3
44,227.825,255.322,22.34,21.01,1.3299999999999983,271,0.303,60.59,0.010599999999999943,1.0247077008156444,9.864619999999999,7321836050.587682,5.485187949708114,305624.3478144283,0.006,2.3
45,263.55,751.289,22.03,21.0,1.0300000000000011,230,0.301,59.84,0.011700000000000155,1.027306414838677,9.862289999999998,7282659415.570597,5.490514707764237,309396.0093354615,0.006,2.3
46,777.55,813.482,22.040000000000003,20.97,1.0700000000000038,232,0.454,73.88,0.015000000000000235,1.0351421666793443,9.855299999999998,7166382754.558611,5.506584184550709,321058.50904250523,0.006,2.3
47,74.539,825.258,21.92,20.96,0.9600000000000009,226,0.365,68.33,0.016100000000000003,1.0377673430708556,9.85297,7128037896.844223,5.511969751774575,325064.6561320197,0.006,2.3
48,763.695,286.694,21.92,20.95,0.9700000000000024,217,0.267,53.69,0.017200000000000215,1.0403991770513525,9.850639999999999,7089898209.320054,5.517369522320557,329131.5555231851,0.006,2.3
49,865.938,292.732,22.32,20.919999999999998,1.4000000000000021,179,0.315,62.92,0.020500000000000296,1.0483347935810021,9.843649999999998,6976699219.27364,5.533652012837024,341705.5343791792,0.006,2.3
50,652.101,471.075,21.66,20.9,0.7600000000000016,206,0.366,68.69,0.022700000000000276,1.053658803229717,9.838989999999999,6902239106.643889,5.544574249801613,350408.19123797276,0.006,2.3
51,105.314,515.071,21.69,20.89,0.8000000000000007,197,0.414,72.82,0.023800000000000043,1.0563309388106872,9.836659999999998,6865307591.049528,5.550054910169705,354858.25302057137,0.006,2.3
52,511.708,-8.212,22.060000000000002,20.89,1.1700000000000017,202,0.26,52.42,0.023800000000000043,1.0563309388106872,9.836659999999998,6865307591.049528,5.550054910169705,354858.25302057137,0.006,2.3
53,768.512,220.448,22.310000000000002,20.89,1.4200000000000017,216,0.277,55.64,0.023800000000000043,1.0563309388106872,9.836659999999998,6865307591.049528,5.550054910169705,354858.25302057137,0.006,2.3
54,878.28,140.257,22.490000000000002,20.87,1.620000000000001,250,0.246,49.36,0.026000000000000023,1.0616955571987248,9.831999999999999,6792036326.171829,5.561054245116516,363960.493408502,0.006,2.3
55,164.071,564.966,21.52,20.86,0.6600000000000001,203,0.488,74.97,0.027100000000000235,1.064388074421429,9.829669999999998,6755694467.88181,5.566572486588737,368614.5608988333,0.006,2.3
56,606.95,-17.238,22.360000000000003,20.85,1.5100000000000016,304,0.506,74.8,0.028200000000000003,1.0670874200130984,9.8238,6664997640.442612,5.568562819071015,370307.76515840576,0.006,2.3
57,30.38,244.955,22.470000000000002,20.83,1.6400000000000041,370,0.727,59.15,0.030400000000000316,1.0725066656157045,9.8196,6600852070.021588,5.580118871654258,380293.47300114715,0.006,2.3
58,89.59,146.109,22.09,20.83,1.2600000000000016,204,0.289,57.99,0.030400000000000316,1.0725066656157045,9.8196,6600852070.021588,5.580118871654258,380293.47300114715,0.006,2.3
59,357.604,318.509,22.12,20.81,1.3100000000000023,490,0.471,54.42,0.032600000000000295,1.0779534330711127,9.8154,6537323852.287962,5.591720614758193,390589.54545944557,0.006,2.3
60,206.538,46.923,22.23,20.81,1.4200000000000017,206,0.267,53.79,0.032600000000000295,1.0779534330711127,9.8154,6537323852.287962,5.591720614758193,390589.54545944557,0.006,2.3
61,534.016,605.585,22.23,20.79,1.4400000000000013,239,0.27,54.29,0.034800000000000164,1.0834278621501394,9.8112,6474407045.688144,5.603366232796323,401204.90395899425,0.006,2.3
62,854.54,771.523,21.66,20.78,0.879999999999999,286,0.509,74.56,0.03590000000000004,1.0861754936708863,9.8091,6443176080.479023,5.609204920095861,406635.1530593346,0.006,2.3
63,300.273,611.715,21.610000000000003,20.78,0.8300000000000018,267,0.315,62.4,0.03590000000000004,1.0861754936708863,9.8091,6443176080.479023,5.609204920095861,406635.1530593346,0.006,2.3
64,281.031,309.679,21.84,20.77,1.0700000000000003,196,0.43,73.72,0.037000000000000144,1.0889300933334338,9.807,6412095765.851622,5.615053882967137,412148.65125661826,0.006,2.3
65,855.807,772.237,23.98,20.753749999999997,1.6,193,0.516,75.29,0.03878750000000053,1.0934212250853446,9.803587499999999,6361909692.619704,5.624579758340998,421288.64946510113,0.006,2.3
66,53.525,768.3,22.040000000000003,20.73,1.3100000000000023,256,0.268,54.05,0.0414000000000001,1.100018527506221,9.7986,6289266531.604166,5.638547774095622,435058.6161518866,0.006,2.3
67,65.611,460.413,21.68,20.71,0.9699999999999989,214,0.251,50.38,0.04359999999999997,1.1056050150387036,9.7944,6228737089.440282,5.602504858247471,400409.94750266435,0.008,2.3
68,781.172,313.477,26.52,20.7080125,1.6,169,0.793,60.83,0.04381862500000022,1.1061617196623084,9.793982625,6222753890.407976,5.6039288875596105,401725.0260251567,0.008,2.3
69,719.443,827.022,21.580000000000002,20.7,0.8800000000000026,250,0.361,68.0,0.044700000000000184,1.1084088890158674,9.7923,6198691176.360599,5.609663366429361,407064.62852165295,0.008,2.3
70,305.918,295.709,22.18,20.69,1.4899999999999984,778,0.461,9.68,0.04579999999999995,1.1112198737687347,9.7902,6168790197.459382,5.61680577751165,413814.56984314206,0.008,2.3
71,705.585,752.688,21.71,20.66,1.0500000000000007,294,0.431,73.73,0.049100000000000144,1.1196956732434582,9.7839,6079949891.399813,5.638135193112502,434645.5054982871,0.008,2.3
72,852.987,764.701,21.540000000000003,20.65,0.8900000000000041,294,0.464,74.67,0.050200000000000244,1.1225352818901682,9.7818,6050621691.582972,5.645211981069559,441786.0324637367,0.008,2.3
73,252.473,92.608,21.87,20.65,1.2200000000000024,251,0.243,48.7,0.050200000000000244,1.1225352818901682,9.7818,6050621691.582972,5.645211981069559,441786.0324637367,0.008,2.3
74,252.58,54.482,21.450000000000003,20.63,0.8200000000000038,294,0.455,74.5,0.052400000000000224,1.1282361216489931,9.7776,5992389025.834776,5.659315291389734,456368.1122347965,0.008,2.3
75,193.93,833.109,21.220000000000002,20.63,0.5900000000000034,454,0.571,60.57,0.052400000000000224,1.1282361216489931,9.7776,5992389025.834776,5.659315291389734,456368.1122347965,0.008,2.3
76,324.783,739.677,21.92,20.6,1.3200000000000003,248,0.273,54.94,0.05569999999999997,1.1368417120933065,9.7713,5906089174.803649,5.68034274606455,479007.9772328139,0.008,2.3
77,123.256,499.771,21.68,20.6,1.0799999999999983,210,0.302,60.12,0.05569999999999997,1.1368417120933065,9.7713,5906089174.803649,5.68034274606455,479007.9772328139,0.008,2.3
78,320.303,693.92,21.91,20.6,1.3099999999999987,208,0.202,38.53,0.05569999999999997,1.1368417120933065,9.7713,5906089174.803649,5.68034274606455,479007.9772328139,0.008,2.3
79,412.053,131.619,22.450000000000003,20.6,1.8500000000000014,264,0.269,54.36,0.05569999999999997,1.1368417120933065,9.7713,5906089174.803649,5.68034274606455,479007.9772328139,0.008,2.3
80,455.042,37.267,21.68,20.59,1.0899999999999999,282,0.321,63.53,0.056800000000000184,1.1397248040197492,9.7692,5877599636.805995,5.6873174028131075,486762.8248674509,0.008,2.3
81,455.682,392.499,22.02,20.57,1.4499999999999993,279,0.309,61.68,0.05900000000000005,1.1455129414455358,9.765,5821032177.708722,5.701214237217666,502590.4559634898,0.008,2.3
82,594.172,346.425,21.73,20.56,1.1700000000000017,285,0.368,69.25,0.060100000000000264,1.14841802407752,9.7629,5792952933.981773,5.708136169560826,510665.0898306922,0.008,2.3
83,275.836,724.749,21.94,20.56,1.3800000000000026,170,0.265,54.18,0.060100000000000264,1.14841802407752,9.7629,5792952933.981773,5.708136169560826,510665.0898306922,0.008,2.3
84,62.177,65.747,21.650000000000002,20.56,1.0900000000000034,278,0.355,67.78,0.060100000000000264,1.14841802407752,9.7629,5792952933.981773,5.708136169560826,510665.0898306922,0.008,2.3
85,754.05,659.413,22.01,20.56,1.4500000000000028,238,0.316,62.21,0.060100000000000264,1.14841802407752,9.7629,5792952933.981773,5.708136169560826,510665.0898306922,0.008,2.3
86,283.927,656.067,21.44,20.55,0.8900000000000006,253,0.214,41.75,0.06120000000000003,1.1513304741558172,9.7608,5765009137.6985445,5.71504028194578,518848.1612172338,0.008,2.3
87,593.086,698.145,21.970000000000002,20.54,1.4300000000000033,275,0.249,50.35,0.062300000000000244,1.1542503103646717,9.7587,5737200135.493503,5.721926451954897,527140.5822723916,0.008,2.3
88,694.102,639.796,21.68,20.53,1.1499999999999986,254,0.216,42.27,0.06340000000000001,1.1571775514357066,9.7566,5709525277.152816,5.728794557271002,535543.2591842845,0.008,2.3
89,438.041,97.386,21.66,20.52,1.1400000000000006,287,0.339,66.05,0.06450000000000011,1.160112216148054,9.7545,5681983915.599056,5.735644475680139,544057.0917573269,0.008,2.3
90,606.274,349.345,22.84,20.51024242424242,1.7,465,0.681,51.78,0.06557333333333382,1.1629829113463268,9.752450909090909,5655238289.271627,5.742310687799041,552472.5285555485,0.008,2.3
91,852.05,611.405,22.14,20.51,1.629999999999999,291,0.445,74.19,0.06559999999999999,1.1630543233284671,9.7524,5654575406.876208,5.742476085074323,552682.9729822275,0.008,2.3
92,903.969,362.99,22.380000000000003,20.5,1.8800000000000026,261,0.525,73.99,0.06670000000000009,1.1660038918514484,9.7503,5627299110.134522,5.749289263454303,561421.7885985909,0.008,2.3
93,75.009,169.117,21.87,20.5,1.370000000000001,696,0.272,4.53,0.06670000000000009,1.1660038918514484,9.7503,5627299110.134522,5.749289263454303,561421.7885985909,0.008,2.3
94,801.008,814.429,21.450000000000003,20.49,0.9600000000000044,311,0.388,71.37,0.0678000000000003,1.1689609406393642,9.748199999999999,5600154387.615551,5.756083888932309,570274.4166501417,0.008,2.3
95,737.949,479.971,21.89,20.49,1.4000000000000021,160,0.238,48.47,0.0678000000000003,1.1689609406393642,9.748199999999999,5600154387.615551,5.756083888932309,570274.4166501417,0.008,2.3
96,677.455,807.19,21.6,20.49,1.110000000000003,250,0.264,53.18,0.0678000000000003,1.1689609406393642,9.748199999999999,5600154387.615551,5.756083888932309,570274.4166501417,0.008,2.3
97,793.095,281.772,22.37,20.49,1.8800000000000026,306,0.426,73.66,0.0678000000000003,1.1689609406393642,9.748199999999999,5600154387.615551,5.756083888932309,570274.4166501417,0.008,2.3
98,779.232,544.839,22.03,20.48,1.5500000000000007,272,0.316,62.63,0.06890000000000007,1.171925488662569,9.7461,5573140604.637261,5.762859839734818,579241.7270326477,0.008,2.3
99,140.809,632.952,21.32,20.47,0.8500000000000014,270,0.349,66.96,0.07000000000000028,1.1748975549395304,9.744,5546257129.579104,5.769616994205315,588324.5810345666,0.008,2.3
100,215.885,336.602,21.290000000000003,20.47,0.8200000000000038,308,0.455,74.65,0.07000000000000028,1.1748975549395304,9.744,5546257129.579104,5.769616994205315,588324.5810345666,0.008,2.3
101,130.634,718.495,21.810000000000002,20.47,1.3400000000000034,628,0.265,11.97,0.07000000000000028,1.1748975549395304,9.744,5546257129.579104,5.769616994205315,588324.5810345666,0.008,2.3
102,31.338,245.559,22.3,20.46,1.8399999999999999,436,0.594,62.65,0.07110000000000005,1.1778771585369432,9.7419,5519503333.867383,5.776355230807045,597523.8308704672,0.008,2.3
103,395.348,403.649,22.110000000000003,20.46,1.6500000000000021,293,0.401,72.09,0.07110000000000005,1.1778771585369432,9.7419,5519503333.867383,5.776355230807045,597523.8308704672,0.008,2.3
104,705.344,239.892,21.860000000000003,20.45,1.4100000000000037,315,0.513,74.74,0.07220000000000015,1.1808643185698608,9.739799999999999,5492878591.960464,5.783074428125798,606840.3192073294,0.008,2.3
105,579.644,774.993,21.71,20.44,1.2699999999999996,276,0.187,91.42,0.07330000000000003,1.1838590542018101,9.7377,5466382281.334197,5.789774464872646,616274.8786837106,0.008,2.3
106,246.087,213.945,21.3,20.44,0.8599999999999994,303,0.383,111.67,0.07330000000000003,1.1838590542018101,9.7377,5466382281.334197,5.789774464872646,616274.8786837106,0.008,2.3
107,484.146,292.289,21.82,20.43,1.3900000000000006,286,0.272,101.11,0.07440000000000013,1.18686138464492,9.7356,5440013782.467271,5.796455219886731,625828.3314219562,0.008,2.3
108,409.233,469.687,21.92,20.43,1.490000000000002,176,0.221,89.86,0.07440000000000013,1.18686138464492,9.7356,5440013782.467271,5.796455219886731,625828.3314219562,0.008,2.3
109,331.354,394.755,21.6,20.43,1.1700000000000017,277,0.299,102.15,0.07440000000000013,1.18686138464492,9.7356,5440013782.467271,5.796455219886731,625828.3314219562,0.008,2.3
110,323.129,308.024,21.880000000000003,20.43,1.4500000000000028,321,0.381,113.89,0.07440000000000013,1.18686138464492,9.7356,5440013782.467271,5.796455219886731,625828.3314219562,0.008,2.3
111,337.809,155.365,21.950000000000003,20.419999999999998,1.5300000000000047,449,0.34,101.17,0.07550000000000034,1.1898713291600416,9.7335,5413772478.82686,5.787199265575508,612631.4184373813,0.01,2.3
112,501.442,359.19,21.450000000000003,20.419999999999998,1.0300000000000047,297,0.205,96.02,0.07550000000000034,1.1898713291600416,9.7335,5413772478.82686,5.787199265575508,612631.4184373813,0.01,2.3
113,864.494,341.648,21.860000000000003,20.419999999999998,1.4400000000000048,274,0.335,104.45,0.07550000000000034,1.1898713291600416,9.7335,5413772478.82686,5.787199265575508,612631.4184373813,0.01,2.3
114,882.341,628.039,21.990000000000002,20.41,1.5800000000000018,241,0.346,101.13,0.07660000000000011,1.1928889070568702,9.7314,5387657756.854144,5.793239435402636,621211.4263626466,0.01,2.3
115,308.596,749.128,22.02,20.41,1.6099999999999994,283,0.337,105.87,0.07660000000000011,1.1928889070568702,9.7314,5387657756.854144,5.793239435402636,621211.4263626466,0.01,2.3
116,266.563,225.02,21.310000000000002,20.41,0.9000000000000021,290,0.409,111.17,0.07660000000000011,1.1928889070568702,9.7314,5387657756.854144,5.793239435402636,621211.4263626466,0.01,2.3
117,157.953,314.607,21.59,20.4,1.1900000000000013,261,0.25,95.82,0.07770000000000032,1.1959141376940765,9.7293,5361669005.949895,5.799266026725306,629891.9044729602,0.01,2.3
118,347.323,344.22,22.01,20.4,1.610000000000003,182,0.201,87.55,0.07770000000000032,1.1959141376940765,9.7293,5361669005.949895,5.799266026725306,629891.9044729602,0.01,2.3
119,451.718,376.012,21.720000000000002,20.39,1.3300000000000018,307,0.282,104.83,0.07880000000000009,1.1989470404794207,9.7272,5335805618.460333,5.805278903714519,638673.5103494334,0.01,2.3
120,628.524,761.19,21.39,20.39,1.0,304,0.298,105.81,0.07880000000000009,1.1989470404794207,9.7272,5335805618.460333,5.805278903714519,638673.5103494334,0.01,2.3
121,563.239,20.287,21.400000000000002,20.39,1.0100000000000016,311,0.375,112.29,0.07880000000000009,1.1989470404794207,9.7272,5335805618.460333,5.805278903714519,638673.5103494334,0.01,2.3
122,108.452,540.397,21.41,20.39,1.0199999999999996,445,0.299,99.48,0.07880000000000009,1.1989470404794207,9.7272,5335805618.460333,5.805278903714519,638673.5103494334,0.01,2.3
123,809.62,316.646,21.77,20.39,1.379999999999999,282,0.306,103.41,0.07880000000000009,1.1989470404794207,9.7272,5335805618.460333,5.805278903714519,638673.5103494334,0.01,2.3
124,83.742,289.019,22.23,20.39,1.8399999999999999,346,0.319,111.82,0.07880000000000009,1.1989470404794207,9.7272,5335805618.460333,5.805278903714519,638673.5103494334,0.01,2.3
125,838.892,828.252,20.76,20.39,0.370000000000001,285,0.326,105.36,0.07880000000000009,1.1989470404794207,9.7272,5335805618.460333,5.805278903714519,638673.5103494334,0.01,2.3
126,176.566,702.62,21.8,20.38,1.4200000000000017,309,0.338,109.58,0.0799000000000002,1.2019876348698864,9.7251,5310066989.662829,5.8112779305630795,647556.8928879062,0.01,2.3
127,87.904,336.986,21.950000000000003,20.37,1.5800000000000018,331,0.373,114.47,0.08099999999999996,1.2050359403717974,9.723,5284452517.751813,5.817262971489298,656542.6919106351,0.01,2.3
128,725.735,704.143,21.720000000000002,20.37,1.3500000000000014,345,0.408,117.58,0.08099999999999996,1.2050359403717974,9.723,5284452517.751813,5.817262971489298,656542.6919106351,0.01,2.3
129,139.861,121.752,21.26,20.37,0.8900000000000006,311,0.351,110.75,0.08099999999999996,1.2050359403717974,9.723,5284452517.751813,5.817262971489298,656542.6919106351,0.01,2.3
130,708.216,431.793,22.130000000000003,20.36,1.7700000000000031,486,0.558,93.39,0.08210000000000017,1.2080919765409506,9.7209,5258961603.824613,5.823233890740738,665631.5377725105,0.01,2.3
131,105.709,309.71,21.48,20.36,1.120000000000001,298,0.37,110.2,0.08210000000000017,1.2080919765409506,9.7209,5258961603.824613,5.823233890740738,665631.5377725105,0.01,2.3
132,511.431,752.32,21.46,20.35,1.1099999999999994,374,0.458,120.27,0.08319999999999994,1.211155762982733,9.7188,5233593651.86758,5.829190552597932,674824.0509617478,0.01,2.3
133,706.228,562.504,21.700000000000003,20.35,1.3500000000000014,277,0.35,105.89,0.08319999999999994,1.211155762982733,9.7188,5233593651.86758,5.829190552597932,674824.0509617478,0.01,2.3
134,96.725,45.664,21.71,20.34,1.370000000000001,115,0.269,100.43,0.08430000000000015,1.2142273193522564,9.7167,5208348068.742073,5.835132821378155,684120.8416952445,0.01,2.3
135,238.444,759.722,22.18,20.34,1.8399999999999999,184,0.248,91.96,0.08430000000000015,1.2142273193522564,9.7167,5208348068.742073,5.835132821378155,684120.8416952445,0.01,2.3
136,831.839,266.819,21.64,20.33,1.3100000000000023,439,0.587,111.6,0.08540000000000025,1.2173066653544755,9.714599999999999,5183224264.170603,5.841060561439138,693522.5095085115,0.01,2.3
137,323.482,229.953,21.27,20.32,0.9499999999999993,326,0.49,118.98,0.08650000000000013,1.2203938207443186,9.7125,5158221650.723061,5.846973637182847,703029.6428404045,0.01,2.3
138,40.677,-0.487,22.91,20.31752380952381,1.7,491,0.586,51.77,0.08677238095238105,1.2211594678063193,9.71198,5152049179.721567,5.848435546524145,705400.1481191266,0.01,2.3
139,572.238,20.186,21.360000000000003,20.31,1.0500000000000043,349,0.378,116.14,0.08760000000000023,1.2234888053268156,9.7104,5133339643.802892,5.852871913059232,712642.8186126424,0.01,2.3
140,205.793,127.571,22.490000000000002,20.30802164502164,1.7,455,0.077,74.62,0.08781761904761975,1.2241020325241958,9.709984545454544,5128431339.355209,5.854037036046014,714557.2599539554,0.01,2.3
141,563.904,47.281,21.73,20.3,1.4299999999999997,591,0.225,30.92,0.0887,1.2265916389572198,9.7083,5108577661.633557,5.858755253569989,722362.6018042045,0.01,2.3
142,58.112,315.068,21.71,20.3,1.4100000000000001,303,0.452,114.88,0.0887,1.2265916389572198,9.7083,5108577661.633557,5.858755253569989,722362.6018042045,0.01,2.3
143,175.552,762.948,22.09,20.3,1.7899999999999991,321,0.483,118.23,0.0887,1.2265916389572198,9.7083,5108577661.633557,5.858755253569989,722362.6018042045,0.01,2.3
144,671.709,132.349,21.610000000000003,20.29,1.3200000000000038,306,0.12,87.37,0.08980000000000021,1.2297023415411426,9.706199999999999,5083935125.244845,5.864623523272348,732189.5450207569,0.01,2.3
145,398.332,38.844,21.39,20.29,1.1000000000000014,626,0.238,17.01,0.08980000000000021,1.2297023415411426,9.706199999999999,5083935125.244845,5.864623523272348,732189.5450207569,0.01,2.3
146,654.386,370.159,21.96,20.29,1.6700000000000017,173,0.228,90.73,0.08980000000000021,1.2297023415411426,9.706199999999999,5083935125.244845,5.864623523272348,732189.5450207569,0.01,2.3
147,338.569,126.905,21.34,20.28,1.0599999999999987,299,0.26,101.79,0.09089999999999998,1.232820933034672,9.7041,5059411458.459375,5.870476586782819,742124.1880590761,0.01,2.3
148,97.899,800.704,21.450000000000003,20.28,1.1700000000000017,237,0.391,103.4,0.09089999999999998,1.232820933034672,9.7041,5059411458.459375,5.870476586782819,742124.1880590761,0.01,2.3
149,88.775,79.997,21.150000000000002,20.28,0.870000000000001,302,0.383,111.53,0.09089999999999998,1.232820933034672,9.7041,5059411458.459375,5.870476586782819,742124.1880590761,0.01,2.3
150,719.942,37.022,22.1,20.28,1.8200000000000003,172,0.22,90.02,0.09089999999999998,1.232820933034672,9.7041,5059411458.459375,5.870476586782819,742124.1880590761,0.01,2.3
151,451.072,192.105,21.700000000000003,20.28,1.4200000000000017,299,0.357,109.52,0.09089999999999998,1.232820933034672,9.7041,5059411458.459375,5.870476586782819,742124.1880590761,0.01,2.3
152,820.903,306.009,21.790000000000003,20.27,1.5200000000000031,176,0.218,89.56,0.09200000000000019,1.235947433444511,9.702,5035006087.879047,5.876314308780999,752167.0574667344,0.01,2.3
153,680.365,528.461,21.5,20.27,1.2300000000000004,379,0.483,120.83,0.09200000000000019,1.235947433444511,9.702,5035006087.879047,5.876314308780999,752167.0574667344,0.01,2.3
154,145.285,96.698,21.810000000000002,20.27,1.5400000000000027,321,0.224,100.86,0.09200000000000019,1.235947433444511,9.702,5035006087.879047,5.876314308780999,752167.0574667344,0.01,2.3
155,393.95,764.899,21.78,20.27,1.5100000000000016,313,0.418,114.85,0.09200000000000019,1.235947433444511,9.702,5035006087.879047,5.876314308780999,752167.0574667344,0.01,2.3
156,656.499,229.322,22.03,20.27,1.7600000000000016,433,0.391,108.79,0.09200000000000019,1.235947433444511,9.702,5035006087.879047,5.876314308780999,752167.0574667344,0.01,2.3
157,341.643,462.908,22.240000000000002,20.26,1.9800000000000004,413,0.572,117.97,0.09309999999999996,1.2390818628280957,9.6999,5010718442.871754,5.882136554013338,762318.6660969915,0.01,2.3
158,37.628,472.303,21.59,20.25,1.3399999999999999,344,0.227,103.11,0.09316000000000058,1.2392530601392975,9.689939999999996,4897111585.978897,5.872608228700692,745775.7004967827,0.01,2.3
159,230.526,829.521,21.73,20.24,1.490000000000002,366,0.336,113.74,0.09684000000000115,1.2497985026063956,9.681309999999996,4800760052.779486,5.890364602102337,776899.0709541158,0.01,2.3
160,215.14,349.738,21.66,20.24,1.4200000000000017,279,0.355,106.5,0.09684000000000115,1.2497985026063956,9.681309999999996,4800760052.779486,5.890364602102337,776899.0709541158,0.01,2.3
161,70.924,715.081,21.17,20.24,0.9300000000000033,417,0.582,117.17,0.09684000000000115,1.2497985026063956,9.681309999999996,4800760052.779486,5.890364602102337,776899.0709541158,0.01,2.3
162,508.883,516.055,21.540000000000003,20.24,1.3000000000000043,371,0.44,119.67,0.09684000000000115,1.2497985026063956,9.681309999999996,4800760052.779486,5.890364602102337,776899.0709541158,0.01,2.3
163,151.663,580.097,24.290000000000003,20.23615151515151,1.7,445,0.154,21.54,0.09825624242424524,1.2538807714471405,9.67798875757575,4764186537.68328,5.897150460765047,789133.4645399752,0.01,2.3
164,100.283,437.042,21.59,20.23,1.3599999999999994,319,0.311,108.75,0.10052000000000039,1.2604336816740311,9.672679999999998,4706304252.970457,5.907941108740957,808986.1914853547,0.01,2.3
165,225.747,-14.905,21.540000000000003,20.23,1.3100000000000023,170,0.344,100.6,0.10052000000000039,1.2604336816740311,9.672679999999998,4706304252.970457,5.907941108740957,808986.1914853547,0.01,2.3
166,549.196,60.902,21.950000000000003,20.22,1.730000000000004,345,0.412,117.78,0.10420000000000096,1.271159360957157,9.664049999999996,4613706887.66332,5.925332704554682,842039.965058177,0.01,2.3
167,438.028,228.245,21.35,20.22,1.1300000000000026,345,0.497,120.82,0.10420000000000096,1.271159360957157,9.664049999999996,4613706887.66332,5.925332704554682,842039.965058177,0.01,2.3
168,582.106,56.439,21.810000000000002,20.22,1.5900000000000034,331,0.351,113.03,0.10420000000000096,1.271159360957157,9.664049999999996,4613706887.66332,5.925332704554682,842039.965058177,0.01,2.3
169,728.3,354.414,24.66,20.212073593073594,1.7,216,0.376,69.49,0.10711691774891774,1.2797257766868708,9.657209510822508,4541606584.050563,5.938983291284532,868926.9982069905,0.01,2.3
170,158.315,592.526,21.23,20.21,1.0199999999999996,401,0.585,119.92,0.1078800000000002,1.281976310568704,9.65542,4522931391.831932,5.942534358027036,876061.022077309,0.01,2.3
171,172.184,215.968,23.62,20.20652813852814,1.7,504,0.608,47.59,0.1091576450216456,1.2857532922188906,9.652423783549782,4491834883.584592,5.948461194994766,888098.6195401205,0.01,2.3
172,773.116,77.463,21.41,20.2,1.2100000000000009,305,0.203,96.81,0.11156000000000077,1.2928853071749062,9.646789999999996,4433941919.873265,5.959541051791194,911047.565187905,0.01,2.3
173,128.502,494.06,21.43,20.2,1.2300000000000004,418,0.423,113.82,0.11156000000000077,1.2928853071749062,9.646789999999996,4433941919.873265,5.959541051791194,911047.565187905,0.01,2.3
174,331.171,253.491,23.790000000000003,20.195909090909087,1.7,536,0.606,39.35,0.11306545454545658,1.2973747896509624,9.64325954545454,4398043752.212912,5.966440985496148,925637.5954611768,0.01,2.3
175,604.597,582.775,21.59,20.19,1.3999999999999986,328,0.257,104.9,0.11524000000000001,1.3038871340510345,9.63816,4346703331.453116,5.97634778423831,946995.2142215598,0.01,2.3
176,188.193,504.862,22.18,20.18,2.0,432,0.163,89.75,0.11892000000000058,1.3149825811376685,9.629529999999997,4261181177.6292787,5.9929495711293,983896.8522073976,0.01,2.3
177,856.354,845.953,21.5,20.18,1.3200000000000003,355,0.358,115.12,0.11892000000000058,1.3149825811376685,9.629529999999997,4261181177.6292787,5.9929495711293,983896.8522073976,0.01,2.3
178,214.401,198.591,21.16,20.18,0.9800000000000004,362,0.393,117.44,0.11892000000000058,1.3149825811376685,9.629529999999997,4261181177.6292787,5.9929495711293,983896.8522073976,0.01,2.3
179,904.262,474.976,21.76,20.169999999999998,1.5900000000000034,285,0.325,105.29,0.12260000000000115,1.326172445097387,9.620899999999995,4177341687.248733,6.0093414472093105,1021742.4734380499,0.01,2.3
180,157.074,330.983,21.76,20.15,1.610000000000003,363,0.361,115.49,0.12996000000000096,1.3488386442401537,9.603639999999995,4014578921.3989406,6.041475710538691,1100210.310405937,0.01,2.3
181,636.715,523.009,22.64,20.146043290043288,1.7,511,1.014,72.4,0.13141606926407068,1.3533685165621525,9.600225359307355,3983138055.4771085,6.047727764124377,1116163.3656029042,0.01,2.3
182,694.275,800.618,21.26,20.13,1.1300000000000026,344,0.293,109.52,0.13732000000000077,1.3718922414060648,9.586379999999997,3858157920.2240386,6.072711293327706,1182255.364550574,0.01,2.3
183,822.8,526.661,21.740000000000002,20.13,1.610000000000003,215,0.293,95.57,0.13732000000000077,1.3718922414060648,9.586379999999997,3858157920.2240386,6.072711293327706,1182255.364550574,0.01,2.3
184,570.552,27.635,21.5,20.13,1.370000000000001,199,0.192,86.21,0.13732000000000077,1.3718922414060648,9.586379999999997,3858157920.2240386,6.072711293327706,1182255.364550574,0.01,2.3
185,744.998,822.162,22.01,20.12,1.8900000000000006,408,0.515,118.4,0.14100000000000001,1.383566378971781,9.577749999999998,3782247983.4353194,6.087979914189224,1224559.5629468835,0.01,2.3
186,384.603,709.448,21.290000000000003,20.12,1.1700000000000017,446,0.406,105.77,0.14100000000000001,1.383566378971781,9.577749999999998,3782247983.4353194,6.087979914189224,1224559.5629468835,0.01,2.3
187,361.295,534.566,21.330000000000002,20.12,1.2100000000000009,424,0.481,114.5,0.14100000000000001,1.383566378971781,9.577749999999998,3782247983.4353194,6.087979914189224,1224559.5629468835,0.01,2.3
188,227.197,81.82,21.450000000000003,20.11,1.3400000000000034,822,0.288,37.07,0.14468000000000059,1.3953398577858809,9.569119999999998,3707831588.0262837,6.103009321957652,1267679.0757910307,0.01,2.3
189,757.542,-12.799,21.12,20.11,1.0100000000000016,627,0.523,19.45,0.14468000000000059,1.3953398577858809,9.569119999999998,3707831588.0262837,6.103009321957652,1267679.0757910307,0.01,2.3
190,761.629,384.585,22.01,20.11,1.9000000000000021,177,0.228,90.47,0.14468000000000059,1.3953398577858809,9.569119999999998,3707831588.0262837,6.103009321957652,1267679.0757910307,0.01,2.3
191,126.739,688.708,22.450000000000003,20.10382251082251,1.7,465,0.8,98.41,0.14695331601731665,1.4026629188308053,9.563788826839824,3662594398.2526855,6.112172103484944,1294708.8107894254,0.01,2.3
192,801.073,764.353,21.830000000000002,20.1,1.7300000000000004,391,0.351,113.72,0.14835999999999983,1.407213523194196,9.560489999999998,3634879348.3071785,6.11779472955464,1311579.8307866096,0.01,2.3
193,437.063,810.658,21.55,20.1,1.4499999999999993,173,0.193,87.25,0.14835999999999983,1.407213523194196,9.560489999999998,3634879348.3071785,6.11779472955464,1311579.8307866096,0.01,2.3
194,109.478,737.089,21.740000000000002,20.1,1.6400000000000006,458,0.352,98.92,0.14835999999999983,1.407213523194196,9.560489999999998,3634879348.3071785,6.11779472955464,1311579.8307866096,0.01,2.3
195,63.818,31.241,21.790000000000003,20.1,1.6900000000000013,555,0.196,46.31,0.14835999999999983,1.407213523194196,9.560489999999998,3634879348.3071785,6.11779472955464,1311579.8307866096,0.01,2.3
196,522.784,730.552,21.62,20.1,1.5199999999999996,540,0.145,50.11,0.14835999999999983,1.407213523194196,9.560489999999998,3634879348.3071785,6.11779472955464,1311579.8307866096,0.01,2.3
197,687.298,541.673,21.91,20.1,1.8099999999999987,290,0.217,96.37,0.14835999999999983,1.407213523194196,9.560489999999998,3634879348.3071785,6.11779472955464,1311579.8307866096,0.01,2.3
198,844.386,709.244,21.220000000000002,20.09,1.1300000000000026,450,0.601,108.02,0.1520400000000004,1.4191882277360586,9.551859999999998,3563362456.756857,6.132331381815456,1356223.8636826905,0.01,2.3
199,198.166,560.71,21.18,20.09,1.0899999999999999,182,0.179,85.31,0.1520400000000004,1.4191882277360586,9.551859999999998,3563362456.756857,6.132331381815456,1356223.8636826905,0.01,2.3
200,83.866,395.534,21.26,20.08,1.1800000000000033,170,0.237,91.81,0.15572000000000097,1.4312648312054836,9.543229999999996,3493252672.6472135,6.146614557096101,1401569.238560972,0.01,2.3
201,15.327,271.408,21.150000000000002,20.07,1.0800000000000018,428,0.483,113.58,0.1594000000000002,1.4434442007129162,9.534599999999998,3424522310.8914986,6.160639568876139,1447569.9827788034,0.01,2.3
202,361.769,514.58,21.17,20.07,1.1000000000000014,357,0.384,116.82,0.1594000000000002,1.4434442007129162,9.534599999999998,3424522310.8914986,6.160639568876139,1447569.9827788034,0.01,2.3
203,147.305,746.683,21.59,20.07,1.5199999999999996,322,0.238,102.41,0.1594000000000002,1.4434442007129162,9.534599999999998,3424522310.8914986,6.160639568876139,1447569.9827788034,0.01,2.3
204,875.921,243.44,21.48,20.07,1.4100000000000001,431,0.141,87.47,0.1594000000000002,1.4434442007129162,9.534599999999998,3424522310.8914986,6.160639568876139,1447569.9827788034,0.01,2.3
205,502.782,296.07,21.66,20.07,1.5899999999999999,354,0.382,116.6,0.1594000000000002,1.4434442007129162,9.534599999999998,3424522310.8914986,6.160639568876139,1447569.9827788034,0.01,2.3
206,796.243,303.054,21.23,20.07,1.1600000000000001,393,0.396,116.3,0.1594000000000002,1.4434442007129162,9.534599999999998,3424522310.8914986,6.160639568876139,1447569.9827788034,0.01,2.3
207,895.862,228.496,21.98,20.07,1.9100000000000001,481,0.67,94.88,0.1594000000000002,1.4434442007129162,9.534599999999998,3424522310.8914986,6.160639568876139,1447569.9827788034,0.01,2.3
208,380.188,672.565,21.03,20.07,0.9600000000000009,403,0.476,118.33,0.1594000000000002,1.4434442007129162,9.534599999999998,3424522310.8914986,6.160639568876139,1447569.9827788034,0.01,2.3
209,46.923,287.125,21.19,20.06,1.1300000000000026,369,0.407,118.2,0.16308000000000078,1.455727210747504,9.525969999999997,3357144231.111838,6.174401767356424,1494176.0379266164,0.01,2.3
210,424.36,615.109,21.21,20.06,1.1500000000000021,404,0.447,117.25,0.16308000000000078,1.455727210747504,9.525969999999997,3357144231.111838,6.174401767356424,1494176.0379266164,0.01,2.3
211,49.071,207.327,21.43,20.06,1.370000000000001,306,0.307,106.82,0.16308000000000078,1.455727210747504,9.525969999999997,3357144231.111838,6.174401767356424,1494176.0379266164,0.01,2.3
212,308.464,660.672,21.48,20.06,1.4200000000000017,376,0.381,116.59,0.16308000000000078,1.455727210747504,9.525969999999997,3357144231.111838,6.174401767356424,1494176.0379266164,0.01,2.3
213,682.074,17.049,22.35,20.05308225108225,1.7,411,0.475,117.01,0.165625731601732,1.4642853981073327,9.51999998268398,3311311082.798611,6.183765899092964,1526742.865103225,0.01,2.3
214,122.595,494.816,21.650000000000002,20.05,1.6000000000000014,371,0.228,103.87,0.16676000000000002,1.4681147432398558,9.517339999999997,3291091826.9221287,6.187896541050998,1541333.2281330293,0.01,2.3
215,360.972,822.938,21.59,20.05,1.5399999999999991,397,0.411,116.63,0.16676000000000002,1.4681147432398558,9.517339999999997,3291091826.9221287,6.187896541050998,1541333.2281330293,0.01,2.3
216,605.738,856.93,21.400000000000002,20.05,1.3500000000000014,371,0.328,113.09,0.16676000000000002,1.4681147432398558,9.517339999999997,3291091826.9221287,6.187896541050998,1541333.2281330293,0.01,2.3
217,445.251,779.298,21.68,20.05,1.629999999999999,447,0.035,71.69,0.16676000000000002,1.4681147432398558,9.517339999999997,3291091826.9221287,6.187896541050998,1541333.2281330293,0.01,2.3
218,819.291,784.309,21.610000000000003,20.04,1.5700000000000038,359,0.298,110.6,0.1704400000000006,1.4806076876253993,9.508709999999997,3226339015.4215894,6.201119318372589,1588983.2470122678,0.01,2.3
219,677.816,585.615,21.130000000000003,20.04,1.0900000000000034,324,0.281,106.74,0.1704400000000006,1.4806076876253993,9.508709999999997,3226339015.4215894,6.201119318372589,1588983.2470122678,0.01,2.3
220,519.331,615.644,20.950000000000003,20.03,0.9200000000000017,389,0.424,118.06,0.17411999999999983,1.4932069409082085,9.500079999999999,3162860226.895118,6.214065569210816,1637063.664493901,0.01,2.3
221,459.402,172.627,21.5,20.03,1.4699999999999989,268,0.246,96.32,0.17411999999999983,1.4932069409082085,9.500079999999999,3162860226.895118,6.214065569210816,1637063.664493901,0.01,2.3
222,34.853,649.853,21.14,20.03,1.1099999999999994,174,0.237,91.52,0.17411999999999983,1.4932069409082085,9.500079999999999,3162860226.895118,6.214065569210816,1637063.664493901,0.01,2.3
223,143.276,386.319,21.23,20.02,1.2100000000000009,275,0.165,88.9,0.1778000000000004,1.5059134077254455,9.491449999999997,3100630394.716212,6.226730806502633,1685507.954708215,0.01,2.3
224,69.022,385.081,21.650000000000002,20.01,1.6400000000000006,451,0.217,90.59,0.18148000000000009,1.5187280004122787,9.482819999999998,3039624945.4487486,6.239110587794118,1734245.5460155685,0.01,2.3
225,549.156,223.944,21.080000000000002,20.01,1.0700000000000003,432,0.508,113.06,0.18148000000000009,1.5187280004122787,9.482819999999998,3039624945.4487486,6.239110587794118,1734245.5460155685,0.01,2.3
226,78.869,286.741,21.73,20.01,1.7199999999999989,432,0.433,110.97,0.18148000000000009,1.5187280004122787,9.482819999999998,3039624945.4487486,6.239110587794118,1734245.5460155685,0.01,2.3
227,526.016,793.034,21.12,20.01,1.1099999999999994,177,0.287,95.74,0.18148000000000009,1.5187280004122787,9.482819999999998,3039624945.4487486,6.239110587794118,1734245.5460155685,0.01,2.3
228,783.447,536.537,21.970000000000002,20.01,1.9600000000000009,248,0.258,95.05,0.18148000000000009,1.5187280004122787,9.482819999999998,3039624945.4487486,6.239110587794118,1734245.5460155685,0.01,2.3
229,468.489,89.196,21.25,20.01,1.2399999999999984,447,0.335,101.47,0.18148000000000009,1.5187280004122787,9.482819999999998,3039624945.4487486,6.239110587794118,1734245.5460155685,0.01,2.3
230,312.709,620.715,21.1,20.01,1.0899999999999999,349,0.314,111.58,0.18148000000000009,1.5187280004122787,9.482819999999998,3039624945.4487486,6.239110587794118,1734245.5460155685,0.01,2.3
231,436.416,426.247,21.55,20.01,1.5399999999999991,486,0.185,75.79,0.18148000000000009,1.5187280004122787,9.482819999999998,3039624945.4487486,6.239110587794118,1734245.5460155685,0.01,2.3
232,637.803,504.423,21.05,20.0,1.0500000000000007,443,0.214,92.51,0.18516000000000066,1.5316516390674204,9.474189999999997,2979819789.1431913,6.251200516793097,1783201.8941707255,0.01,2.3
233,378.87,746.828,21.37,19.99,1.3800000000000026,189,0.18,85.15,0.18884000000000123,1.5446852516191674,9.465559999999996,2921191309.82409,6.2629962449118155,1832298.5794978188,0.01,2.3
234,99.815,4.421,21.490000000000002,19.99,1.5000000000000036,459,0.467,103.5,0.18884000000000123,1.5446852516191674,9.465559999999996,2921191309.82409,6.2629962449118155,1832298.5794978188,0.01,2.3
235,202.571,650.247,21.35,19.99,1.360000000000003,301,0.196,95.56,0.18884000000000123,1.5446852516191674,9.465559999999996,2921191309.82409,6.2629962449118155,1832298.5794978188,0.01,2.3
236,83.836,591.37,21.5,19.99,1.5100000000000016,483,0.62,94.6,0.18884000000000123,1.5446852516191674,9.465559999999996,2921191309.82409,6.2629962449118155,1832298.5794978188,0.01,2.3
237,159.943,560.438,21.32,19.98,1.3399999999999999,384,0.385,116.42,0.19252000000000047,1.5578297738920341,9.456929999999998,2863716356.1644363,6.27449347279907,1881453.4288227933,0.01,2.3
238,656.805,627.704,21.380000000000003,19.98,1.4000000000000021,413,0.427,114.96,0.19252000000000047,1.5578297738920341,9.456929999999998,2863716356.1644363,6.27449347279907,1881453.4288227933,0.01,2.3
239,776.724,505.933,21.73,19.98,1.75,277,0.279,100.48,0.19252000000000047,1.5578297738920341,9.456929999999998,2863716356.1644363,6.27449347279907,1881453.4288227933,0.01,2.3
240,87.019,36.775,20.950000000000003,19.98,0.9700000000000024,386,0.447,119.25,0.19252000000000047,1.5578297738920341,9.456929999999998,2863716356.1644363,6.27449347279907,1881453.4288227933,0.01,2.3
241,400.985,356.026,20.880000000000003,19.97,0.9100000000000037,404,0.48,118.29,0.19620000000000104,1.5710861496739625,9.448299999999996,2807372232.3436236,6.285687951861144,1930580.662765315,0.01,2.3
242,557.936,724.268,21.220000000000002,19.97,1.2500000000000036,189,0.19,86.18,0.19620000000000104,1.5710861496739625,9.448299999999996,2807372232.3436236,6.285687951861144,1930580.662765315,0.01,2.3
243,90.366,126.397,21.39,19.96,1.4299999999999997,356,0.345,114.24,0.19988000000000028,1.5844553307840528,9.439669999999998,2752136689.085396,6.2965754857708385,1979591.0688326487,0.01,2.3
244,372.952,316.404,21.740000000000002,19.96,1.7800000000000011,380,0.278,108.57,0.19988000000000028,1.5844553307840528,9.439669999999998,2752136689.085396,6.2965754857708385,1979591.0688326487,0.01,2.3
245,120.61,235.796,21.150000000000002,19.96,1.1900000000000013,329,0.313,109.99,0.19988000000000028,1.5844553307840528,9.439669999999998,2752136689.085396,6.2965754857708385,1979591.0688326487,0.01,2.3
246,101.341,95.678,21.26,19.96,1.3000000000000007,376,0.292,109.99,0.19988000000000028,1.5844553307840528,9.439669999999998,2752136689.085396,6.2965754857708385,1979591.0688326487,0.01,2.3
247,563.345,653.749,20.96,19.95,1.0100000000000016,416,0.478,116.15,0.20356000000000085,1.5979382771409432,9.431039999999996,2697987914.8718348,6.3071519319641025,2028392.2005860347,0.01,2.3
248,570.626,170.136,21.16,19.94,1.2199999999999989,463,0.448,101.43,0.2072400000000001,1.6115359568316947,9.42241,2644904527.3305817,6.317413203123516,2076888.6029630743,0.01,2.3
249,525.791,-23.687,21.26,19.94,1.3200000000000003,401,0.435,117.21,0.2072400000000001,1.6115359568316947,9.42241,2644904527.3305817,6.317413203123516,2076888.6029630743,0.01,2.3
250,399.194,565.095,21.060000000000002,19.94,1.120000000000001,183,0.226,89.96,0.2072400000000001,1.6115359568316947,9.42241,2644904527.3305817,6.317413203123516,2076888.6029630743,0.01,2.3
251,748.629,626.308,21.39,19.94,1.4499999999999993,333,0.193,98.61,0.2072400000000001,1.6115359568316947,9.42241,2644904527.3305817,6.317413203123516,2076888.6029630743,0.01,2.3
252,58.562,617.082,21.27,19.94,1.3299999999999983,442,0.341,103.36,0.2072400000000001,1.6115359568316947,9.42241,2644904527.3305817,6.317413203123516,2076888.6029630743,0.01,2.3
253,108.418,332.33,21.18,19.94,1.2399999999999984,444,0.521,109.75,0.2072400000000001,1.6115359568316947,9.42241,2644904527.3305817,6.317413203123516,2076888.6029630743,0.01,2.3
254,382.225,561.735,21.52,19.93,1.5899999999999999,418,0.463,115.31,0.21092000000000066,1.6252493461813393,9.413779999999997,2592865564.7911,6.327355268648146,2124982.0636432404,0.01,2.3
255,70.548,307.259,21.560000000000002,19.93,1.6300000000000026,316,0.264,104.29,0.21092000000000066,1.6252493461813393,9.413779999999997,2592865564.7911,6.327355268648146,2124982.0636432404,0.01,2.3
256,66.638,549.981,21.07,19.93,1.1400000000000006,441,0.414,107.66,0.21092000000000066,1.6252493461813393,9.413779999999997,2592865564.7911,6.327355268648146,2124982.0636432404,0.01,2.3
257,414.633,108.811,21.01,19.919999999999998,1.0900000000000034,175,0.243,92.01,0.21460000000000123,1.6390794298229467,9.405149999999995,2541850478.007511,6.204652450124497,1601962.8857027704,0.02,2.3
258,126.261,525.443,21.610000000000003,19.919999999999998,1.6900000000000048,409,0.297,107.37,0.21460000000000123,1.6390794298229467,9.405149999999995,2541850478.007511,6.204652450124497,1601962.8857027704,0.02,2.3
259,720.278,102.333,21.5,19.919999999999998,1.5800000000000018,319,0.283,106.38,0.21460000000000123,1.6390794298229467,9.405149999999995,2541850478.007511,6.204652450124497,1601962.8857027704,0.02,2.3
260,261.293,713.331,21.5,19.919999999999998,1.5800000000000018,394,0.386,115.64,0.21460000000000123,1.6390794298229467,9.405149999999995,2541850478.007511,6.204652450124497,1601962.8857027704,0.02,2.3
261,574.036,475.742,21.720000000000002,19.919999999999998,1.8000000000000043,426,0.498,114.41,0.21460000000000123,1.6390794298229467,9.405149999999995,2541850478.007511,6.204652450124497,1601962.8857027704,0.02,2.3
262,752.549,36.633,21.1,19.919999999999998,1.1800000000000033,426,0.331,106.79,0.21460000000000123,1.6390794298229467,9.405149999999995,2541850478.007511,6.204652450124497,1601962.8857027704,0.02,2.3
263,359.105,464.911,21.880000000000003,19.91,1.9700000000000024,461,0.51,103.64,0.21828000000000047,1.6530272007683364,9.396519999999999,2491839122.043968,6.211854593592026,1628750.61832312,0.02,2.3
264,326.187,501.922,21.21,19.91,1.3000000000000007,510,0.436,79.62,0.21828000000000047,1.6530272007683364,9.396519999999999,2491839122.043968,6.211854593592026,1628750.61832312,0.02,2.3
265,608.033,515.828,21.02,19.91,1.1099999999999994,174,0.242,91.99,0.21828000000000047,1.6530272007683364,9.396519999999999,2491839122.043968,6.211854593592026,1628750.61832312,0.02,2.3
266,881.336,780.161,22.580000000000002,19.905424242424242,1.7,287,0.228,97.09,0.21996387878787926,1.6594488817422044,9.392571121212118,2469284448.344261,6.215044722705937,1640758.7262832227,0.02,2.3
267,624.755,854.376,21.21,19.9,1.3100000000000023,186,0.264,93.29,0.22196000000000105,1.6670936604793913,9.387889999999995,2442811748.319684,6.2187396818182386,1654777.7844522009,0.02,2.3
268,259.608,230.597,20.990000000000002,19.89,1.1000000000000014,446,0.476,108.25,0.22564000000000028,1.6812798189399298,9.379259999999999,2394748996.8108287,6.22530228171507,1679972.9217757818,0.02,2.3
269,122.608,557.688,21.150000000000002,19.89,1.2600000000000016,450,0.278,96.32,0.22564000000000028,1.6812798189399298,9.379259999999999,2394748996.8108287,6.22530228171507,1679972.9217757818,0.02,2.3
270,169.875,226.678,21.18,19.89,1.2899999999999991,458,0.483,104.26,0.22564000000000028,1.6812798189399298,9.379259999999999,2394748996.8108287,6.22530228171507,1679972.9217757818,0.02,2.3
271,86.817,788.08,20.93,19.88,1.0500000000000007,380,0.342,113.85,0.22932000000000086,1.695586694728263,9.370629999999997,2347631888.405303,6.2315371991460955,1704265.2905427318,0.02,2.3
272,862.867,628.918,21.17,19.88,1.2900000000000027,234,0.453,105.83,0.22932000000000086,1.695586694728263,9.370629999999997,2347631888.405303,6.2315371991460955,1704265.2905427318,0.02,2.3
273,204.22,129.73,21.560000000000002,19.88,1.6800000000000033,357,0.259,106.95,0.22932000000000086,1.695586694728263,9.370629999999997,2347631888.405303,6.2315371991460955,1704265.2905427318,0.02,2.3
274,175.575,324.498,21.68,19.88,1.8000000000000007,368,0.372,116.21,0.22932000000000086,1.695586694728263,9.370629999999997,2347631888.405303,6.2315371991460955,1704265.2905427318,0.02,2.3
275,14.46,549.217,21.92,19.86938095238095,1.7,446,0.408,105.86,0.2332278095238105,1.71091254031457,9.361465761904757,2298612488.4130197,6.2377938242676425,1728995.3459939691,0.02,2.3
276,369.763,611.692,23.290000000000003,19.860108225108224,1.7,461,0.429,101.54,0.23664017316017416,1.7244085724125686,9.353463398268396,2256645800.5303483,6.242946037109246,1749629.2764230021,0.02,2.3
277,461.075,786.365,20.94,19.86,1.0800000000000018,480,0.426,93.7,0.23668000000000067,1.724566716013288,9.353369999999998,2256160544.196053,6.243004442305783,1749864.58752539,0.02,2.3
278,434.904,18.061,20.98,19.86,1.120000000000001,191,0.22,89.09,0.23668000000000067,1.724566716013288,9.353369999999998,2256160544.196053,6.243004442305783,1749864.58752539,0.02,2.3
279,310.293,220.148,21.080000000000002,19.86,1.2200000000000024,372,0.346,114.41,0.23668000000000067,1.724566716013288,9.353369999999998,2256160544.196053,6.243004442305783,1749864.58752539,0.02,2.3
280,765.892,33.885,22.41,19.850363636363635,1.7,448,0.086,77.37,0.24022618181818256,1.7387061161484947,9.345053818181814,2213368975.3826776,6.248043732531355,1770287.2135024546,0.02,2.3
281,340.665,307.723,21.77,19.85,1.9199999999999982,432,0.177,91.29,0.2403599999999999,1.739241942300274,9.344739999999998,2211770188.0114584,6.248227629895644,1771036.9814628528,0.02,2.3
282,249.665,451.35,21.19,19.85,1.3399999999999999,432,0.309,103.74,0.2403599999999999,1.739241942300274,9.344739999999998,2211770188.0114584,6.248227629895644,1771036.9814628528,0.02,2.3
283,825.349,606.238,21.71,19.84,1.870000000000001,436,0.454,110.63,0.24404000000000048,1.7540420476450453,9.336109999999998,2168253219.9052362,6.2531048700825895,1791038.287937636,0.02,2.3
284,445.246,622.988,21.5,19.84,1.6600000000000001,466,0.527,101.89,0.24404000000000048,1.7540420476450453,9.336109999999998,2168253219.9052362,6.2531048700825895,1791038.287937636,0.02,2.3
285,193.238,500.106,20.77,19.84,0.9299999999999997,431,0.466,112.36,0.24404000000000048,1.7540420476450453,9.336109999999998,2168253219.9052362,6.2531048700825895,1791038.287937636,0.02,2.3
286,721.808,688.04,21.73,19.83,1.9000000000000021,448,0.371,103.36,0.24772000000000105,1.7689680947078084,9.327479999999996,2125592455.8130672,6.257632252870405,1809806.955072901,0.02,2.3
287,641.885,372.593,21.220000000000002,19.83,1.3900000000000041,361,0.218,102.79,0.24772000000000105,1.7689680947078084,9.327479999999996,2125592455.8130672,6.257632252870405,1809806.955072901,0.02,2.3
288,51.93,187.867,22.07,19.82234199134199,1.7,461,0.508,103.61,0.2505381471861483,1.7804842946374984,9.320871138528133,2093491194.4850416,6.260860501631456,1823309.9485800988,0.02,2.3
289,113.806,521.844,21.64,19.82,1.8200000000000003,526,0.592,72.75,0.2514000000000003,1.784021155191492,9.318849999999998,2083771049.7701597,6.261806141175969,1827284.3773784433,0.02,2.3
290,248.91,805.041,21.310000000000002,19.82,1.490000000000002,450,0.076,75.74,0.2514000000000003,1.784021155191492,9.318849999999998,2083771049.7701597,6.261806141175969,1827284.3773784433,0.02,2.3
291,266.155,53.191,21.09,19.82,1.2699999999999996,403,0.226,101.49,0.2514000000000003,1.784021155191492,9.318849999999998,2083771049.7701597,6.261806141175969,1827284.3773784433,0.02,2.3
292,394.411,672.023,21.01,19.82,1.1900000000000013,196,0.272,93.69,0.2514000000000003,1.784021155191492,9.318849999999998,2083771049.7701597,6.261806141175969,1827284.3773784433,0.02,2.3
293,314.828,367.392,21.39,19.81,1.5800000000000018,562,0.546,52.41,0.25508000000000086,1.7992023099187142,9.310219999999997,2042772487.2589958,6.26562317556666,1843415.2483657396,0.02,2.3
294,144.655,456.504,22.84,19.804186147186147,1.7,563,0.604,51.86,0.25721949783549825,1.808087725155361,9.305202645021643,2019308368.1309192,6.267677069441564,1852153.895756713,0.02,2.3
295,267.73,522.355,21.040000000000003,19.8,1.240000000000002,190,0.198,86.96,0.2587600000000001,1.8145126489093466,9.301589999999997,2002580578.6881323,6.269080278729833,1858147.8993981753,0.02,2.3
296,618.959,401.389,21.5,19.8,1.6999999999999993,428,0.471,113.27,0.2587600000000001,1.8145126489093466,9.301589999999997,2002580578.6881323,6.269080278729833,1858147.8993981753,0.02,2.3
297,449.506,396.456,20.98,19.8,1.1799999999999997,403,0.312,109.46,0.2587600000000001,1.8145126489093466,9.301589999999997,2002580578.6881323,6.269080278729833,1858147.8993981753,0.02,2.3
298,124.558,330.03,21.12,19.79,1.3300000000000018,449,0.387,103.89,0.2624400000000007,1.829953271458824,9.292959999999997,1963179452.9991827,6.272174659687231,1871434.6216448166,0.02,2.3
299,16.67,152.924,20.82,19.79,1.0300000000000011,427,0.456,113.06,0.2624400000000007,1.829953271458824,9.292959999999997,1963179452.9991827,6.272174659687231,1871434.6216448166,0.02,2.3
300,388.923,388.467,21.28,19.78,1.5,408,0.355,111.89,0.2661199999999999,1.8455252862170293,9.284329999999999,1924553551.3996372,6.274903817783714,1883231.968178997,0.02,2.3
301,483.406,293.818,21.57,19.77,1.8000000000000007,466,0.331,94.74,0.2714000000000003,1.8680994819277557,9.275699999999997,1886687621.218939,6.281929460470767,1913945.03056597,0.02,2.3
302,857.805,68.719,21.82,19.76938095238095,1.7,463,0.382,98.75,0.2715820000000013,1.8688825113480763,9.275165761904756,1884368179.5751183,6.281921313429909,1913909.126720174,0.02,2.3
303,550.035,697.299,21.85,19.766541125541124,1.7,476,0.484,97.05,0.2724169090909099,1.8724787988193032,9.272714991341989,1873764434.0491245,6.281872332634327,1913693.2835321533,0.02,2.3
304,178.324,64.073,20.69,19.75,0.9400000000000013,423,0.493,115.01,0.2772800000000002,1.8935640510416156,9.258439999999997,1813176159.0224125,6.28120740855481,1910765.5761859103,0.02,2.3
305,853.249,736.471,21.44,19.75,1.6900000000000013,449,0.406,104.81,0.2772800000000002,1.8935640510416156,9.258439999999997,1813176159.0224125,6.28120740855481,1910765.5761859103,0.02,2.3
306,233.563,541.986,21.44,19.75,1.6900000000000013,390,0.17,96.52,0.2772800000000002,1.8935640510416156,9.258439999999997,1813176159.0224125,6.28120740855481,1910765.5761859103,0.02,2.3
307,57.42,528.362,21.110000000000003,19.72,1.3900000000000041,444,0.295,99.45,0.2861000000000007,1.932413220381044,9.23285,1709424798.708723,6.278641211892562,1899508.3714037933,0.02,2.3
308,97.28,801.841,21.060000000000002,19.72,1.3400000000000034,475,0.355,92.64,0.2861000000000007,1.932413220381044,9.23285,1709424798.708723,6.278641211892562,1899508.3714037933,0.02,2.3
309,449.464,717.144,21.32,19.71,1.6099999999999994,455,0.489,105.48,0.28903999999999996,1.9455392641591747,9.22444,1676640683.2763562,6.277428643768639,1894212.262524807,0.02,2.3
310,564.125,580.467,20.970000000000002,19.71,1.2600000000000016,473,0.1,72.04,0.28903999999999996,1.9455392641591747,9.22444,1676640683.2763562,6.277428643768639,1894212.262524807,0.02,2.3
311,506.923,159.39,20.790000000000003,19.71,1.0800000000000018,496,0.364,83.86,0.28903999999999996,1.9455392641591747,9.22444,1676640683.2763562,6.277428643768639,1894212.262524807,0.02,2.3
312,279.23,67.26,21.01,19.71,1.3000000000000007,197,0.247,91.49,0.28903999999999996,1.9455392641591747,9.22444,1676640683.2763562,6.277428643768639,1894212.262524807,0.02,2.3
313,802.609,464.726,21.41,19.71,1.6999999999999993,442,0.349,103.87,0.28903999999999996,1.9455392641591747,9.22444,1676640683.2763562,6.277428643768639,1894212.262524807,0.02,2.3
314,366.244,211.569,21.150000000000002,19.71,1.4400000000000013,544,0.55,62.63,0.28903999999999996,1.9455392641591747,9.22444,1676640683.2763562,6.277428643768639,1894212.262524807,0.02,2.3
315,740.307,514.147,21.12,19.71,1.4100000000000001,440,0.416,108.04,0.28903999999999996,1.9455392641591747,9.22444,1676640683.2763562,6.277428643768639,1894212.262524807,0.02,2.3
316,808.362,642.118,24.880000000000003,19.69317748917749,1.7,579,0.658,26.38,0.293985818181818,1.9678220297379476,9.210292268398268,1622901898.8688543,6.274849833788496,1882997.891828775,0.02,2.3
317,886.358,801.067,21.330000000000002,19.69,1.6400000000000006,370,0.34,114.01,0.29491999999999985,1.9720594358819274,9.20762,1612946639.3978472,6.274286847876586,1880558.4998737988,0.02,2.3
318,447.286,399.913,21.25,19.69,1.5599999999999987,448,0.438,106.44,0.29491999999999985,1.9720594358819274,9.20762,1612946639.3978472,6.274286847876586,1880558.4998737988,0.02,2.3
319,575.943,702.232,20.84,19.69,1.1499999999999986,458,0.422,102.38,0.29491999999999985,1.9720594358819274,9.20762,1612946639.3978472,6.274286847876586,1880558.4998737988,0.02,2.3
320,364.732,570.56,20.91,19.68,1.2300000000000004,427,0.283,102.79,0.29786000000000046,1.9854547791840031,9.199209999999999,1582012825.373257,6.272357817115239,1872224.0386302557,0.02,2.3
321,194.74,832.315,20.41,19.68,0.7300000000000004,457,0.383,100.98,0.29786000000000046,1.9854547791840031,9.199209999999999,1582012825.373257,6.272357817115239,1872224.0386302557,0.02,2.3
322,395.486,18.707,20.830000000000002,19.68,1.1500000000000021,194,0.217,88.73,0.29786000000000046,1.9854547791840031,9.199209999999999,1582012825.373257,6.272357817115239,1872224.0386302557,0.02,2.3
323,624.594,728.73,22.37,19.679004329004325,1.7,442,0.479,109.58,0.2981527272727287,1.9867934852987377,9.198372640692636,1578965499.2951686,6.272152694090426,1871339.9712623614,0.02,2.3
324,347.964,-3.955,20.790000000000003,19.669999999999998,1.1200000000000045,185,0.178,85.08,0.3008000000000006,1.9989411112356628,9.190799999999998,1551672273.9072256,6.2701904235780015,1862903.7784995488,0.02,2.3
325,746.93,775.24,20.790000000000003,19.669999999999998,1.1200000000000045,439,0.327,103.25,0.3008000000000006,1.9989411112356628,9.190799999999998,1551672273.9072256,6.2701904235780015,1862903.7784995488,0.02,2.3
326,189.929,129.833,20.860000000000003,19.66,1.2000000000000028,441,0.228,94.4,0.30374000000000034,2.012519050083967,9.182389999999998,1521913607.1443446,6.267785179106433,1852615.0129706752,0.02,2.3
327,147.26,308.85,23.05,19.652948051948048,1.7,464,0.718,101.03,0.3058132727272742,2.022149557550592,9.176459311688308,1501271747.5674202,6.265946382864925,1844787.6512965949,0.02,2.3
328,125.83,18.28,21.310000000000002,19.65,1.6600000000000037,436,0.269,99.45,0.3066800000000005,2.0261892179741054,9.173979999999997,1492725665.4388013,6.265142795134345,1841377.3430372921,0.02,2.3
329,129.658,501.311,21.03,19.64,1.3900000000000006,516,0.422,76.1,0.30962000000000023,2.0399522413779008,9.165569999999999,1464097503.1695051,6.262264213654369,1829212.7239312697,0.02,2.3
330,479.669,410.112,20.990000000000002,19.64,1.3500000000000014,462,0.382,99.12,0.30962000000000023,2.0399522413779008,9.165569999999999,1464097503.1695051,6.262264213654369,1829212.7239312697,0.02,2.3
331,263.283,697.783,20.89,19.64,1.25,463,0.313,94.64,0.30962000000000023,2.0399522413779008,9.165569999999999,1464097503.1695051,6.262264213654369,1829212.7239312697,0.02,2.3
332,377.71,736.657,21.150000000000002,19.64,1.5100000000000016,421,0.26,101.99,0.30962000000000023,2.0399522413779008,9.165569999999999,1464097503.1695051,6.262264213654369,1829212.7239312697,0.02,2.3
333,132.979,205.212,20.790000000000003,19.63,1.1600000000000037,449,0.647,107.87,0.3125600000000004,2.053808751022536,9.157159999999998,1436018384.6353543,6.259150649583209,1816145.5444139717,0.02,2.3
334,783.385,778.874,20.75,19.63,1.120000000000001,197,0.309,96.63,0.3125600000000004,2.053808751022536,9.157159999999998,1436018384.6353543,6.259150649583209,1816145.5444139717,0.02,2.3
335,871.714,142.695,20.75,19.63,1.120000000000001,510,0.494,80.85,0.3125600000000004,2.053808751022536,9.157159999999998,1436018384.6353543,6.259150649583209,1816145.5444139717,0.02,2.3
336,584.651,646.161,20.94,19.62,1.3200000000000003,501,0.539,85.98,0.3155000000000001,2.0677593819194398,9.14875,1408477780.0293844,6.255803648003674,1802202.7498131962,0.02,2.3
337,589.059,492.799,21.39,19.6,1.7899999999999991,379,0.453,119.9,0.32138,2.095945569111882,9.13193,1354970999.2277942,6.248417645456099,1771812.0274942406,0.02,2.3
338,173.593,109.992,20.78,19.59,1.1900000000000013,430,0.396,109.82,0.32432000000000016,2.1101824171144665,9.12352,1328984757.7272859,6.24438419820975,1755432.7570968794,0.02,2.3
339,672.81,492.074,20.540000000000003,19.58,0.9600000000000044,466,0.412,98.97,0.3272600000000008,2.124515969842613,9.115109999999998,1303496892.0205824,6.240128716870819,1738315.957182565,0.02,2.3
340,373.988,172.81,20.77,19.57,1.1999999999999993,467,0.385,97.37,0.33020000000000005,2.138946884169515,9.1067,1278497844.033209,6.1904418682193265,1550393.2475411394,0.03,2.3
341,31.785,419.365,20.67,19.57,1.1000000000000014,449,0.311,99.18,0.33020000000000005,2.138946884169515,9.1067,1278497844.033209,6.1904418682193265,1550393.2475411394,0.03,2.3
342,182.27,335.708,21.02,19.57,1.4499999999999993,437,0.369,106.5,0.33020000000000005,2.138946884169515,9.1067,1278497844.033209,6.1904418682193265,1550393.2475411394,0.03,2.3
343,266.856,305.468,21.110000000000003,19.55,1.5600000000000023,446,0.269,96.75,0.33607999999999993,2.1681034474520033,9.08988,1229928881.9480824,6.188624779074509,1543919.9500967108,0.03,2.3
344,822.695,291.891,21.200000000000003,19.53,1.6700000000000017,558,0.685,54.13,0.3419599999999998,2.1976574517316183,9.07306,1183205010.2469792,6.186048998775152,1534790.133962009,0.03,2.3
345,108.023,247.863,21.0,19.53,1.4699999999999989,454,0.302,96.93,0.3419599999999998,2.1976574517316183,9.07306,1183205010.2469792,6.186048998775152,1534790.133962009,0.03,2.3
346,623.448,577.709,20.75,19.51,1.2399999999999984,201,0.201,87.1,0.3478399999999997,2.227614314634048,9.05624,1138256135.6361866,6.1827230539813955,1523081.1877058249,0.03,2.3
347,344.898,770.497,20.46,19.51,0.9499999999999993,189,0.296,95.84,0.3478399999999997,2.227614314634048,9.05624,1138256135.6361866,6.1827230539813955,1523081.1877058249,0.03,2.3
348,489.946,400.93,20.77,19.5,1.2699999999999996,429,0.405,110.51,0.3507800000000003,2.2427455312425355,9.04783,1116426148.9819078,6.180781755407938,1516288.200597879,0.03,2.3
349,794.769,177.227,21.19,19.48,1.7100000000000009,452,0.365,101.72,0.3566600000000002,2.2733170019471856,9.031009999999998,1074014142.1460612,6.176349111372874,1500890.854788699,0.03,2.3
350,144.836,180.467,21.14,19.48,1.6600000000000001,511,0.36,76.4,0.3566600000000002,2.2733170019471856,9.031009999999998,1074014142.1460612,6.176349111372874,1500890.854788699,0.03,2.3
351,349.012,58.33,20.68,19.47,1.2100000000000009,314,0.278,105.34,0.3596000000000008,2.288758657062367,9.022599999999997,1053416217.2541817,6.173860623063652,1492315.4080318804,0.03,2.3
352,52.553,723.548,21.46,19.46,2.0,432,0.289,102.14,0.3625400000000001,2.3043052006345808,9.01419,1033213328.6036434,6.171192713379968,1483176.082151866,0.03,2.3
353,428.622,185.952,20.970000000000002,19.46,1.5100000000000016,461,0.238,89.42,0.3625400000000001,2.3043052006345808,9.01419,1033213328.6036434,6.171192713379968,1483176.082151866,0.03,2.3
354,143.056,171.69,20.71,19.46,1.25,195,0.213,88.33,0.3625400000000001,2.3043052006345808,9.01419,1033213328.6036434,6.171192713379968,1483176.082151866,0.03,2.3
355,383.324,278.858,20.580000000000002,19.45,1.1300000000000026,501,0.4,82.98,0.3654800000000007,2.319957345125578,9.005779999999998,1013397900.0122272,6.168346987018621,1473489.301786283,0.03,2.3
356,63.609,662.896,21.21,19.45,1.7600000000000016,434,0.432,110.4,0.3654800000000007,2.319957345125578,9.005779999999998,1013397900.0122272,6.168346987018621,1473489.301786283,0.03,2.3
357,651.896,747.256,20.66,19.45,1.2100000000000009,446,0.281,97.75,0.3654800000000007,2.319957345125578,9.005779999999998,1013397900.0122272,6.168346987018621,1473489.301786283,0.03,2.3
358,506.196,698.151,22.46,19.440606060606058,1.7,532,0.616,69.32,0.36824181818181945,2.3347577097186276,8.997879696969694,995129720.3101885,6.165513243936961,1463906.1791160635,0.03,2.3
359,876.368,141.793,20.880000000000003,19.419999999999998,1.4600000000000044,474,0.283,88.41,0.37430000000000074,2.367554581517688,8.980549999999997,956202775.5957872,6.158759989196617,1441318.5934392188,0.03,2.3
360,252.832,598.495,24.67,19.417497835497837,1.7,495,0.578,51.12,0.375035636363636,2.371568298516174,8.97844567965368,951580819.5860026,6.157890268724522,1438435.089273527,0.03,2.3
361,89.82,829.313,21.540000000000003,19.407281385281383,1.7,358,0.338,113.79,0.3780392727272739,2.388027219576778,8.969853645021642,932939851.9453101,6.154228882885048,1426359.1186402114,0.03,2.3
362,536.441,380.184,23.73,19.39701298701298,1.7,474,0.27,87.43,0.3810581818181835,2.4046849306716584,8.961217922077918,914572044.0863664,6.150371950922656,1413747.8286947857,0.03,2.3
363,815.215,176.524,22.5,19.38208658008658,1.7,457,0.448,103.67,0.38544654545454593,2.429106440358244,8.948664813852812,888515101.9795841,6.144453609538928,1394612.679968284,0.03,2.3
364,139.735,474.178,21.790000000000003,19.37814285714285,1.7,499,0.223,73.68,0.3866060000000018,2.4356001941411436,8.945348142857137,881755430.1016061,6.142828973875085,1389405.3725642094,0.03,2.3
365,387.634,211.691,20.87,19.37,1.5,394,0.199,99.53,0.3889999999999998,2.4490632418447444,8.938500000000001,867960577.2923801,6.139394841222421,1378462.135823173,0.03,2.3
366,157.838,174.017,21.0,19.36,1.6400000000000006,425,0.211,96.37,0.3919400000000004,2.4656986648426993,8.93009,851314440.0781558,6.135032147389179,1364684.1496356467,0.03,2.3
367,679.09,-5.543,20.44,19.35,1.0899999999999999,442,0.175,88.76,0.3948799999999997,2.4824470850444724,8.92168,834987549.948888,6.130511361702945,1350552.1595766554,0.03,2.3
368,121.751,657.133,22.68,19.348627705627706,1.7,479,0.574,96.61,0.39528345454545466,2.484754321176763,8.9205259004329,832771589.2953008,6.1298787691162495,1348586.3796742458,0.03,2.3
369,358.08,68.748,21.48,19.34728138528138,1.7,478,0.295,87.69,0.39567927272727443,2.4870199711062106,8.91939364502164,830603286.2020785,6.129255304972617,1346651.7660378385,0.03,2.3
370,476.846,747.158,20.89,19.3,1.5899999999999999,214,0.254,92.28,0.40958000000000006,2.5679111912637644,8.88588,768917951.0500702,6.111869344395728,1293806.5468268255,0.03,2.3
371,645.768,675.4,21.110000000000003,19.3,1.8100000000000023,527,0.384,69.08,0.40958000000000006,2.5679111912637644,8.88588,768917951.0500702,6.111869344395728,1293806.5468268255,0.03,2.3
372,241.723,710.178,20.77,19.29,1.4800000000000004,471,0.293,90.28,0.41252000000000066,2.5853538967676366,8.87872,756345104.0833404,6.107700787714563,1281447.4102071207,0.03,2.3
373,681.411,593.494,20.970000000000002,19.29,1.6800000000000033,501,0.328,79.68,0.41252000000000066,2.5853538967676366,8.87872,756345104.0833404,6.107700787714563,1281447.4102071207,0.03,2.3
374,650.086,380.669,23.03,19.271709956709955,1.7,650,0.592,11.19,0.4178972727272736,2.617563780933998,8.865624329004328,733878777.779588,6.099714571205732,1258098.2875228305,0.03,2.3
375,281.918,543.03,21.37,19.253701298701298,1.7,538,0.398,63.61,0.42319181818181884,2.6496701803910003,8.852730129870128,712410201.6114205,6.091407844551496,1234263.3819223186,0.03,2.3
376,110.136,846.65,21.96,19.252584415584415,1.7,452,0.446,105.37,0.4235201818181822,2.6516743143893926,8.85193044155844,711099611.8098478,6.0908785528523435,1232760.053053852,0.03,2.3
377,480.523,569.934,22.73,19.201588744588744,1.7,517,0.539,77.59,0.43851290909090945,2.744813929884583,8.81541754112554,653758789.9700488,6.065045996990061,1161571.6316813433,0.03,2.3
378,366.442,678.245,20.87,19.2,1.6700000000000017,515,0.304,71.66,0.43898000000000037,2.7477676108138844,8.81428,652048649.8721269,6.0641910697342345,1159287.2774237443,0.03,2.3
379,16.431,426.376,21.37,19.188021645021642,1.7,486,0.322,86.11,0.4425016363636374,2.7701394766598546,8.805703497835495,639298223.838206,6.057653181493942,1141966.0203387158,0.03,2.3
380,760.724,516.453,26.830000000000002,19.180190476190475,1.7,501,0.823,34.95,0.4448040000000004,2.7848640572327428,8.800096380952379,631097385.444785,6.053292626061278,1130557.4236223928,0.03,2.3
381,469.319,296.353,20.66,19.169999999999998,1.490000000000002,618,0.418,22.66,0.44780000000000086,2.804141985453699,8.7928,620583179.2990614,6.047519176953631,1115627.4125404544,0.03,2.3
382,205.283,725.663,21.66,19.08394372294372,1.7,452,0.328,99.42,0.47310054545454694,2.9723540950541842,8.731183705627704,538497517.6338845,5.994759788294665,988006.4693240835,0.03,2.3
383,860.14,629.895,19.85,18.97,0.8800000000000026,232,0.181,86.21,0.4991000000000003,3.155731173680025,8.645899999999997,442486474.35566235,5.912734511586027,817964.605598637,0.03,2.3
384,130.784,541.867,22.85,18.878251082251076,1.7,475,0.589,98.35,0.5219454805194821,3.3261779525089468,8.574427593073587,375342371.0079943,5.841152910508875,693669.9969189772,0.03,2.3
385,900.235,821.974,23.98,18.858857142857143,1.7,652,0.378,9.97,0.5267745714285716,3.363369421563375,8.559319714285714,362509768.7908081,5.825835346321368,669630.6848016328,0.03,2.3
386,218.231,79.339,19.1,18.78,0.3200000000000003,432,0.469,112.18,0.5464099999999998,3.518924913517232,8.497890000000002,314695113.9643601,5.7634178363566075,579986.4352161349,0.03,2.3
387,280.584,257.958,22.290000000000003,18.778008658008655,1.7,499,0.276,77.47,0.546905844155845,3.5229448466881834,8.496338744588742,313573060.3698905,5.761844632838114,577889.2727816468,0.03,2.3
388,860.939,628.112,19.580000000000002,18.72,0.860000000000003,440,0.235,95.33,0.5613500000000005,3.642084352052438,8.451149999999998,282585582.2406848,5.716252305526317,520298.17854701495,0.03,2.3
389,87.81,792.326,24.85,18.66156277056277,1.7,1097,1.078,39.92,0.5759008701298702,3.7661782428532518,8.411505826839827,257932357.04496917,5.676939352912754,475268.85235209524,0.03,2.3
390,859.402,627.796,18.87,18.56,0.3100000000000023,411,0.353,111.27,0.6011900000000003,3.991995104245633,8.335739999999998,216640674.91827366,5.6046672460489555,402408.5930124318,0.03,2.3
391,688.817,405.675,19.82,18.39,1.4299999999999997,137,0.182,89.3,0.6435200000000001,4.400682132595067,8.208919999999999,161778200.37359267,5.496133134133203,313424.6388661342,0.03,2.3
392,610.32,803.826,18.970000000000002,18.2,0.7700000000000031,430,0.202,94.4,0.7033300000000002,5.050449117319326,8.078409999999998,119787085.9504147,5.417677408921927,261623.89612428643,0.03,2.3
393,107.785,832.967,19.85,17.93,1.9200000000000017,448,0.203,90.07,0.7840600000000002,6.082190240379795,7.873919999999998,74803169.52887583,5.059974296171708,114808.56697465133,0.03,2.3
394,460.926,401.982,19.05,17.21,1.8399999999999999,432,0.513,113.15,1.0695199999999998,11.735997275116011,7.247860000000001,17695384.34569874,5.639973989875339,436489.689860515,0.03,2.3
